"REF_DATE","GEO","DGUID","Labour force characteristics","Sex","Age group","Statistics","Data type","UOM","UOM_ID","SCALAR_FACTOR","SCALAR_ID","VECTOR","COORDINATE","VALUE","STATUS","SYMBOL","TERMINATED","DECIMALS"
"2020-09","Canada","2016A000011124","Population","Both sexes","15 years and over","Estimate","Seasonally adjusted","Persons","249","thousands","3","v2062809","1.1.1.1.1.1","31114.6","","","","1"
"2020-10","Canada","2016A000011124","Population","Both sexes","15 years and over","Estimate","Seasonally adjusted","Persons","249","thousands","3","v2062809","1.1.1.1.1.1","31138.8","","","","1"
"2020-11","Canada","2016A000011124","Population","Both sexes","15 years and over","Estimate","Seasonally adjusted","Persons","249","thousands","3","v2062809","1.1.1.1.1.1","31161.3","","","","1"
"2020-12","Canada","2016A000011124","Population","Both sexes","15 years and over","Estimate","Seasonally adjusted","Persons","249","thousands","3","v2062809","1.1.1.1.1.1","31177.5","","","","1"
"2021-01","Canada","2016A000011124","Population","Both sexes","15 years and over","Estimate","Seasonally adjusted","Persons","249","thousands","3","v2062809","1.1.1.1.1.1","31191.2","","","","1"
"2020-09","Canada","2016A000011124","Labour force","Both sexes","15 years and over","Estimate","Seasonally adjusted","Persons","249","thousands","3","v2062810","1.2.1.1.1.1","20246.7","","","","1"
"2020-10","Canada","2016A000011124","Labour force","Both sexes","15 years and over","Estimate","Seasonally adjusted","Persons","249","thousands","3","v2062810","1.2.1.1.1.1","20316.2","","","","1"
"2020-11","Canada","2016A000011124","Labour force","Both sexes","15 years and over","Estimate","Seasonally adjusted","Persons","249","thousands","3","v2062810","1.2.1.1.1.1","20279.9","","","","1"
"2020-12","Canada","2016A000011124","Labour force","Both sexes","15 years and over","Estimate","Seasonally adjusted","Persons","249","thousands","3","v2062810","1.2.1.1.1.1","20258.8","","","","1"
"2021-01","Canada","2016A000011124","Labour force","Both sexes","15 years and over","Estimate","Seasonally adjusted","Persons","249","thousands","3","v2062810","1.2.1.1.1.1","20171.0","","","","1"
"2020-09","Canada","2016A000011124","Employment","Both sexes","15 years and over","Estimate","Seasonally adjusted","Persons","249","thousands","3","v2062811","1.3.1.1.1.1","18388.5","","","","1"
"2020-10","Canada","2016A000011124","Employment","Both sexes","15 years and over","Estimate","Seasonally adjusted","Persons","249","thousands","3","v2062811","1.3.1.1.1.1","18482.9","","","","1"
"2020-11","Canada","2016A000011124","Employment","Both sexes","15 years and over","Estimate","Seasonally adjusted","Persons","249","thousands","3","v2062811","1.3.1.1.1.1","18537.5","","","","1"
"2020-12","Canada","2016A000011124","Employment","Both sexes","15 years and over","Estimate","Seasonally adjusted","Persons","249","thousands","3","v2062811","1.3.1.1.1.1","18484.8","","","","1"
"2021-01","Canada","2016A000011124","Employment","Both sexes","15 years and over","Estimate","Seasonally adjusted","Persons","249","thousands","3","v2062811","1.3.1.1.1.1","18272.0","","","","1"
"2020-09","Canada","2016A000011124","Full-time employment","Both sexes","15 years and over","Estimate","Seasonally adjusted","Persons","249","thousands","3","v2062812","1.4.1.1.1.1","14909.2","","","","1"
"2020-10","Canada","2016A000011124","Full-time employment","Both sexes","15 years and over","Estimate","Seasonally adjusted","Persons","249","thousands","3","v2062812","1.4.1.1.1.1","14967.3","","","","1"
"2020-11","Canada","2016A000011124","Full-time employment","Both sexes","15 years and over","Estimate","Seasonally adjusted","Persons","249","thousands","3","v2062812","1.4.1.1.1.1","15077.0","","","","1"
"2020-12","Canada","2016A000011124","Full-time employment","Both sexes","15 years and over","Estimate","Seasonally adjusted","Persons","249","thousands","3","v2062812","1.4.1.1.1.1","15119.7","","","","1"
"2021-01","Canada","2016A000011124","Full-time employment","Both sexes","15 years and over","Estimate","Seasonally adjusted","Persons","249","thousands","3","v2062812","1.4.1.1.1.1","15132.3","","","","1"
"2020-09","Canada","2016A000011124","Part-time employment ","Both sexes","15 years and over","Estimate","Seasonally adjusted","Persons","249","thousands","3","v2062813","1.5.1.1.1.1","3479.3","","","","1"
"2020-10","Canada","2016A000011124","Part-time employment ","Both sexes","15 years and over","Estimate","Seasonally adjusted","Persons","249","thousands","3","v2062813","1.5.1.1.1.1","3515.6","","","","1"
"2020-11","Canada","2016A000011124","Part-time employment ","Both sexes","15 years and over","Estimate","Seasonally adjusted","Persons","249","thousands","3","v2062813","1.5.1.1.1.1","3460.5","","","","1"
"2020-12","Canada","2016A000011124","Part-time employment ","Both sexes","15 years and over","Estimate","Seasonally adjusted","Persons","249","thousands","3","v2062813","1.5.1.1.1.1","3365.1","","","","1"
"2021-01","Canada","2016A000011124","Part-time employment ","Both sexes","15 years and over","Estimate","Seasonally adjusted","Persons","249","thousands","3","v2062813","1.5.1.1.1.1","3139.7","","","","1"
"2020-09","Canada","2016A000011124","Unemployment","Both sexes","15 years and over","Estimate","Seasonally adjusted","Persons","249","thousands","3","v2062814","1.6.1.1.1.1","1858.2","","","","1"
"2020-10","Canada","2016A000011124","Unemployment","Both sexes","15 years and over","Estimate","Seasonally adjusted","Persons","249","thousands","3","v2062814","1.6.1.1.1.1","1833.2","","","","1"
"2020-11","Canada","2016A000011124","Unemployment","Both sexes","15 years and over","Estimate","Seasonally adjusted","Persons","249","thousands","3","v2062814","1.6.1.1.1.1","1742.5","","","","1"
"2020-12","Canada","2016A000011124","Unemployment","Both sexes","15 years and over","Estimate","Seasonally adjusted","Persons","249","thousands","3","v2062814","1.6.1.1.1.1","1773.9","","","","1"
"2021-01","Canada","2016A000011124","Unemployment","Both sexes","15 years and over","Estimate","Seasonally adjusted","Persons","249","thousands","3","v2062814","1.6.1.1.1.1","1899.0","","","","1"
"2020-09","Canada","2016A000011124","Unemployment rate","Both sexes","15 years and over","Estimate","Seasonally adjusted","Percentage","242","units","0","v2062815","1.7.1.1.1.1","9.2","","","","1"
"2020-10","Canada","2016A000011124","Unemployment rate","Both sexes","15 years and over","Estimate","Seasonally adjusted","Percentage","242","units","0","v2062815","1.7.1.1.1.1","9.0","","","","1"
"2020-11","Canada","2016A000011124","Unemployment rate","Both sexes","15 years and over","Estimate","Seasonally adjusted","Percentage","242","units","0","v2062815","1.7.1.1.1.1","8.6","","","","1"
"2020-12","Canada","2016A000011124","Unemployment rate","Both sexes","15 years and over","Estimate","Seasonally adjusted","Percentage","242","units","0","v2062815","1.7.1.1.1.1","8.8","","","","1"
"2021-01","Canada","2016A000011124","Unemployment rate","Both sexes","15 years and over","Estimate","Seasonally adjusted","Percentage","242","units","0","v2062815","1.7.1.1.1.1","9.4","","","","1"
"2020-09","Canada","2016A000011124","Participation rate","Both sexes","15 years and over","Estimate","Seasonally adjusted","Percentage","242","units","0","v2062816","1.8.1.1.1.1","65.1","","","","1"
"2020-10","Canada","2016A000011124","Participation rate","Both sexes","15 years and over","Estimate","Seasonally adjusted","Percentage","242","units","0","v2062816","1.8.1.1.1.1","65.2","","","","1"
"2020-11","Canada","2016A000011124","Participation rate","Both sexes","15 years and over","Estimate","Seasonally adjusted","Percentage","242","units","0","v2062816","1.8.1.1.1.1","65.1","","","","1"
"2020-12","Canada","2016A000011124","Participation rate","Both sexes","15 years and over","Estimate","Seasonally adjusted","Percentage","242","units","0","v2062816","1.8.1.1.1.1","65.0","","","","1"
"2021-01","Canada","2016A000011124","Participation rate","Both sexes","15 years and over","Estimate","Seasonally adjusted","Percentage","242","units","0","v2062816","1.8.1.1.1.1","64.7","","","","1"
"2020-09","Canada","2016A000011124","Employment rate","Both sexes","15 years and over","Estimate","Seasonally adjusted","Percentage","242","units","0","v2062817","1.9.1.1.1.1","59.1","","","","1"
"2020-10","Canada","2016A000011124","Employment rate","Both sexes","15 years and over","Estimate","Seasonally adjusted","Percentage","242","units","0","v2062817","1.9.1.1.1.1","59.4","","","","1"
"2020-11","Canada","2016A000011124","Employment rate","Both sexes","15 years and over","Estimate","Seasonally adjusted","Percentage","242","units","0","v2062817","1.9.1.1.1.1","59.5","","","","1"
"2020-12","Canada","2016A000011124","Employment rate","Both sexes","15 years and over","Estimate","Seasonally adjusted","Percentage","242","units","0","v2062817","1.9.1.1.1.1","59.3","","","","1"
"2021-01","Canada","2016A000011124","Employment rate","Both sexes","15 years and over","Estimate","Seasonally adjusted","Percentage","242","units","0","v2062817","1.9.1.1.1.1","58.6","","","","1"
"2020-09","Newfoundland and Labrador","2016A000210","Population","Both sexes","15 years and over","Estimate","Seasonally adjusted","Persons","249","thousands","3","v2062998","2.1.1.1.1.1","445.5","","","","1"
"2020-10","Newfoundland and Labrador","2016A000210","Population","Both sexes","15 years and over","Estimate","Seasonally adjusted","Persons","249","thousands","3","v2062998","2.1.1.1.1.1","445.4","","","","1"
"2020-11","Newfoundland and Labrador","2016A000210","Population","Both sexes","15 years and over","Estimate","Seasonally adjusted","Persons","249","thousands","3","v2062998","2.1.1.1.1.1","445.4","","","","1"
"2020-12","Newfoundland and Labrador","2016A000210","Population","Both sexes","15 years and over","Estimate","Seasonally adjusted","Persons","249","thousands","3","v2062998","2.1.1.1.1.1","445.4","","","","1"
"2021-01","Newfoundland and Labrador","2016A000210","Population","Both sexes","15 years and over","Estimate","Seasonally adjusted","Persons","249","thousands","3","v2062998","2.1.1.1.1.1","445.3","","","","1"
"2020-09","Newfoundland and Labrador","2016A000210","Labour force","Both sexes","15 years and over","Estimate","Seasonally adjusted","Persons","249","thousands","3","v2062999","2.2.1.1.1.1","256.5","","","","1"
"2020-10","Newfoundland and Labrador","2016A000210","Labour force","Both sexes","15 years and over","Estimate","Seasonally adjusted","Persons","249","thousands","3","v2062999","2.2.1.1.1.1","256.9","","","","1"
"2020-11","Newfoundland and Labrador","2016A000210","Labour force","Both sexes","15 years and over","Estimate","Seasonally adjusted","Persons","249","thousands","3","v2062999","2.2.1.1.1.1","258.6","","","","1"
"2020-12","Newfoundland and Labrador","2016A000210","Labour force","Both sexes","15 years and over","Estimate","Seasonally adjusted","Persons","249","thousands","3","v2062999","2.2.1.1.1.1","257.2","","","","1"
"2021-01","Newfoundland and Labrador","2016A000210","Labour force","Both sexes","15 years and over","Estimate","Seasonally adjusted","Persons","249","thousands","3","v2062999","2.2.1.1.1.1","254.5","","","","1"
"2020-09","Newfoundland and Labrador","2016A000210","Employment","Both sexes","15 years and over","Estimate","Seasonally adjusted","Persons","249","thousands","3","v2063000","2.3.1.1.1.1","217.4","","","","1"
"2020-10","Newfoundland and Labrador","2016A000210","Employment","Both sexes","15 years and over","Estimate","Seasonally adjusted","Persons","249","thousands","3","v2063000","2.3.1.1.1.1","223.5","","","","1"
"2020-11","Newfoundland and Labrador","2016A000210","Employment","Both sexes","15 years and over","Estimate","Seasonally adjusted","Persons","249","thousands","3","v2063000","2.3.1.1.1.1","226.5","","","","1"
"2020-12","Newfoundland and Labrador","2016A000210","Employment","Both sexes","15 years and over","Estimate","Seasonally adjusted","Persons","249","thousands","3","v2063000","2.3.1.1.1.1","224.8","","","","1"
"2021-01","Newfoundland and Labrador","2016A000210","Employment","Both sexes","15 years and over","Estimate","Seasonally adjusted","Persons","249","thousands","3","v2063000","2.3.1.1.1.1","222.1","","","","1"
"2020-09","Newfoundland and Labrador","2016A000210","Full-time employment","Both sexes","15 years and over","Estimate","Seasonally adjusted","Persons","249","thousands","3","v2063001","2.4.1.1.1.1","182.5","","","","1"
"2020-10","Newfoundland and Labrador","2016A000210","Full-time employment","Both sexes","15 years and over","Estimate","Seasonally adjusted","Persons","249","thousands","3","v2063001","2.4.1.1.1.1","186.4","","","","1"
"2020-11","Newfoundland and Labrador","2016A000210","Full-time employment","Both sexes","15 years and over","Estimate","Seasonally adjusted","Persons","249","thousands","3","v2063001","2.4.1.1.1.1","188.8","","","","1"
"2020-12","Newfoundland and Labrador","2016A000210","Full-time employment","Both sexes","15 years and over","Estimate","Seasonally adjusted","Persons","249","thousands","3","v2063001","2.4.1.1.1.1","188.5","","","","1"
"2021-01","Newfoundland and Labrador","2016A000210","Full-time employment","Both sexes","15 years and over","Estimate","Seasonally adjusted","Persons","249","thousands","3","v2063001","2.4.1.1.1.1","185.4","","","","1"
"2020-09","Newfoundland and Labrador","2016A000210","Part-time employment ","Both sexes","15 years and over","Estimate","Seasonally adjusted","Persons","249","thousands","3","v2063002","2.5.1.1.1.1","34.9","","","","1"
"2020-10","Newfoundland and Labrador","2016A000210","Part-time employment ","Both sexes","15 years and over","Estimate","Seasonally adjusted","Persons","249","thousands","3","v2063002","2.5.1.1.1.1","37.1","","","","1"
"2020-11","Newfoundland and Labrador","2016A000210","Part-time employment ","Both sexes","15 years and over","Estimate","Seasonally adjusted","Persons","249","thousands","3","v2063002","2.5.1.1.1.1","37.7","","","","1"
"2020-12","Newfoundland and Labrador","2016A000210","Part-time employment ","Both sexes","15 years and over","Estimate","Seasonally adjusted","Persons","249","thousands","3","v2063002","2.5.1.1.1.1","36.3","","","","1"
"2021-01","Newfoundland and Labrador","2016A000210","Part-time employment ","Both sexes","15 years and over","Estimate","Seasonally adjusted","Persons","249","thousands","3","v2063002","2.5.1.1.1.1","36.7","","","","1"
"2020-09","Newfoundland and Labrador","2016A000210","Unemployment","Both sexes","15 years and over","Estimate","Seasonally adjusted","Persons","249","thousands","3","v2063003","2.6.1.1.1.1","39.1","","","","1"
"2020-10","Newfoundland and Labrador","2016A000210","Unemployment","Both sexes","15 years and over","Estimate","Seasonally adjusted","Persons","249","thousands","3","v2063003","2.6.1.1.1.1","33.5","","","","1"
"2020-11","Newfoundland and Labrador","2016A000210","Unemployment","Both sexes","15 years and over","Estimate","Seasonally adjusted","Persons","249","thousands","3","v2063003","2.6.1.1.1.1","32.2","","","","1"
"2020-12","Newfoundland and Labrador","2016A000210","Unemployment","Both sexes","15 years and over","Estimate","Seasonally adjusted","Persons","249","thousands","3","v2063003","2.6.1.1.1.1","32.4","","","","1"
"2021-01","Newfoundland and Labrador","2016A000210","Unemployment","Both sexes","15 years and over","Estimate","Seasonally adjusted","Persons","249","thousands","3","v2063003","2.6.1.1.1.1","32.5","","","","1"
"2020-09","Newfoundland and Labrador","2016A000210","Unemployment rate","Both sexes","15 years and over","Estimate","Seasonally adjusted","Percentage","242","units","0","v2063004","2.7.1.1.1.1","15.2","","","","1"
"2020-10","Newfoundland and Labrador","2016A000210","Unemployment rate","Both sexes","15 years and over","Estimate","Seasonally adjusted","Percentage","242","units","0","v2063004","2.7.1.1.1.1","13.0","","","","1"
"2020-11","Newfoundland and Labrador","2016A000210","Unemployment rate","Both sexes","15 years and over","Estimate","Seasonally adjusted","Percentage","242","units","0","v2063004","2.7.1.1.1.1","12.5","","","","1"
"2020-12","Newfoundland and Labrador","2016A000210","Unemployment rate","Both sexes","15 years and over","Estimate","Seasonally adjusted","Percentage","242","units","0","v2063004","2.7.1.1.1.1","12.6","","","","1"
"2021-01","Newfoundland and Labrador","2016A000210","Unemployment rate","Both sexes","15 years and over","Estimate","Seasonally adjusted","Percentage","242","units","0","v2063004","2.7.1.1.1.1","12.8","","","","1"
"2020-09","Newfoundland and Labrador","2016A000210","Participation rate","Both sexes","15 years and over","Estimate","Seasonally adjusted","Percentage","242","units","0","v2063005","2.8.1.1.1.1","57.6","","","","1"
"2020-10","Newfoundland and Labrador","2016A000210","Participation rate","Both sexes","15 years and over","Estimate","Seasonally adjusted","Percentage","242","units","0","v2063005","2.8.1.1.1.1","57.7","","","","1"
"2020-11","Newfoundland and Labrador","2016A000210","Participation rate","Both sexes","15 years and over","Estimate","Seasonally adjusted","Percentage","242","units","0","v2063005","2.8.1.1.1.1","58.1","","","","1"
"2020-12","Newfoundland and Labrador","2016A000210","Participation rate","Both sexes","15 years and over","Estimate","Seasonally adjusted","Percentage","242","units","0","v2063005","2.8.1.1.1.1","57.7","","","","1"
"2021-01","Newfoundland and Labrador","2016A000210","Participation rate","Both sexes","15 years and over","Estimate","Seasonally adjusted","Percentage","242","units","0","v2063005","2.8.1.1.1.1","57.2","","","","1"
"2020-09","Newfoundland and Labrador","2016A000210","Employment rate","Both sexes","15 years and over","Estimate","Seasonally adjusted","Percentage","242","units","0","v2063006","2.9.1.1.1.1","48.8","","","","1"
"2020-10","Newfoundland and Labrador","2016A000210","Employment rate","Both sexes","15 years and over","Estimate","Seasonally adjusted","Percentage","242","units","0","v2063006","2.9.1.1.1.1","50.2","","","","1"
"2020-11","Newfoundland and Labrador","2016A000210","Employment rate","Both sexes","15 years and over","Estimate","Seasonally adjusted","Percentage","242","units","0","v2063006","2.9.1.1.1.1","50.9","","","","1"
"2020-12","Newfoundland and Labrador","2016A000210","Employment rate","Both sexes","15 years and over","Estimate","Seasonally adjusted","Percentage","242","units","0","v2063006","2.9.1.1.1.1","50.5","","","","1"
"2021-01","Newfoundland and Labrador","2016A000210","Employment rate","Both sexes","15 years and over","Estimate","Seasonally adjusted","Percentage","242","units","0","v2063006","2.9.1.1.1.1","49.9","","","","1"
"2020-09","Prince Edward Island","2016A000211","Population","Both sexes","15 years and over","Estimate","Seasonally adjusted","Persons","249","thousands","3","v2063187","3.1.1.1.1.1","132.8","","","","1"
"2020-10","Prince Edward Island","2016A000211","Population","Both sexes","15 years and over","Estimate","Seasonally adjusted","Persons","249","thousands","3","v2063187","3.1.1.1.1.1","132.9","","","","1"
"2020-11","Prince Edward Island","2016A000211","Population","Both sexes","15 years and over","Estimate","Seasonally adjusted","Persons","249","thousands","3","v2063187","3.1.1.1.1.1","133.0","","","","1"
"2020-12","Prince Edward Island","2016A000211","Population","Both sexes","15 years and over","Estimate","Seasonally adjusted","Persons","249","thousands","3","v2063187","3.1.1.1.1.1","133.1","","","","1"
"2021-01","Prince Edward Island","2016A000211","Population","Both sexes","15 years and over","Estimate","Seasonally adjusted","Persons","249","thousands","3","v2063187","3.1.1.1.1.1","133.1","","","","1"
"2020-09","Prince Edward Island","2016A000211","Labour force","Both sexes","15 years and over","Estimate","Seasonally adjusted","Persons","249","thousands","3","v2063188","3.2.1.1.1.1","84.7","","","","1"
"2020-10","Prince Edward Island","2016A000211","Labour force","Both sexes","15 years and over","Estimate","Seasonally adjusted","Persons","249","thousands","3","v2063188","3.2.1.1.1.1","86.1","","","","1"
"2020-11","Prince Edward Island","2016A000211","Labour force","Both sexes","15 years and over","Estimate","Seasonally adjusted","Persons","249","thousands","3","v2063188","3.2.1.1.1.1","87.1","","","","1"
"2020-12","Prince Edward Island","2016A000211","Labour force","Both sexes","15 years and over","Estimate","Seasonally adjusted","Persons","249","thousands","3","v2063188","3.2.1.1.1.1","86.0","","","","1"
"2021-01","Prince Edward Island","2016A000211","Labour force","Both sexes","15 years and over","Estimate","Seasonally adjusted","Persons","249","thousands","3","v2063188","3.2.1.1.1.1","85.1","","","","1"
"2020-09","Prince Edward Island","2016A000211","Employment","Both sexes","15 years and over","Estimate","Seasonally adjusted","Persons","249","thousands","3","v2063189","3.3.1.1.1.1","76.1","","","","1"
"2020-10","Prince Edward Island","2016A000211","Employment","Both sexes","15 years and over","Estimate","Seasonally adjusted","Persons","249","thousands","3","v2063189","3.3.1.1.1.1","77.1","","","","1"
"2020-11","Prince Edward Island","2016A000211","Employment","Both sexes","15 years and over","Estimate","Seasonally adjusted","Persons","249","thousands","3","v2063189","3.3.1.1.1.1","78.2","","","","1"
"2020-12","Prince Edward Island","2016A000211","Employment","Both sexes","15 years and over","Estimate","Seasonally adjusted","Persons","249","thousands","3","v2063189","3.3.1.1.1.1","77.5","","","","1"
"2021-01","Prince Edward Island","2016A000211","Employment","Both sexes","15 years and over","Estimate","Seasonally adjusted","Persons","249","thousands","3","v2063189","3.3.1.1.1.1","78.4","","","","1"
"2020-09","Prince Edward Island","2016A000211","Full-time employment","Both sexes","15 years and over","Estimate","Seasonally adjusted","Persons","249","thousands","3","v2063190","3.4.1.1.1.1","63.2","","","","1"
"2020-10","Prince Edward Island","2016A000211","Full-time employment","Both sexes","15 years and over","Estimate","Seasonally adjusted","Persons","249","thousands","3","v2063190","3.4.1.1.1.1","65.2","","","","1"
"2020-11","Prince Edward Island","2016A000211","Full-time employment","Both sexes","15 years and over","Estimate","Seasonally adjusted","Persons","249","thousands","3","v2063190","3.4.1.1.1.1","64.9","","","","1"
"2020-12","Prince Edward Island","2016A000211","Full-time employment","Both sexes","15 years and over","Estimate","Seasonally adjusted","Persons","249","thousands","3","v2063190","3.4.1.1.1.1","66.2","","","","1"
"2021-01","Prince Edward Island","2016A000211","Full-time employment","Both sexes","15 years and over","Estimate","Seasonally adjusted","Persons","249","thousands","3","v2063190","3.4.1.1.1.1","66.6","","","","1"
"2020-09","Prince Edward Island","2016A000211","Part-time employment ","Both sexes","15 years and over","Estimate","Seasonally adjusted","Persons","249","thousands","3","v2063191","3.5.1.1.1.1","12.9","","","","1"
"2020-10","Prince Edward Island","2016A000211","Part-time employment ","Both sexes","15 years and over","Estimate","Seasonally adjusted","Persons","249","thousands","3","v2063191","3.5.1.1.1.1","12.0","","","","1"
"2020-11","Prince Edward Island","2016A000211","Part-time employment ","Both sexes","15 years and over","Estimate","Seasonally adjusted","Persons","249","thousands","3","v2063191","3.5.1.1.1.1","13.3","","","","1"
"2020-12","Prince Edward Island","2016A000211","Part-time employment ","Both sexes","15 years and over","Estimate","Seasonally adjusted","Persons","249","thousands","3","v2063191","3.5.1.1.1.1","11.3","","","","1"
"2021-01","Prince Edward Island","2016A000211","Part-time employment ","Both sexes","15 years and over","Estimate","Seasonally adjusted","Persons","249","thousands","3","v2063191","3.5.1.1.1.1","11.8","","","","1"
"2020-09","Prince Edward Island","2016A000211","Unemployment","Both sexes","15 years and over","Estimate","Seasonally adjusted","Persons","249","thousands","3","v2063192","3.6.1.1.1.1","8.6","","","","1"
"2020-10","Prince Edward Island","2016A000211","Unemployment","Both sexes","15 years and over","Estimate","Seasonally adjusted","Persons","249","thousands","3","v2063192","3.6.1.1.1.1","9.0","","","","1"
"2020-11","Prince Edward Island","2016A000211","Unemployment","Both sexes","15 years and over","Estimate","Seasonally adjusted","Persons","249","thousands","3","v2063192","3.6.1.1.1.1","8.9","","","","1"
"2020-12","Prince Edward Island","2016A000211","Unemployment","Both sexes","15 years and over","Estimate","Seasonally adjusted","Persons","249","thousands","3","v2063192","3.6.1.1.1.1","8.5","","","","1"
"2021-01","Prince Edward Island","2016A000211","Unemployment","Both sexes","15 years and over","Estimate","Seasonally adjusted","Persons","249","thousands","3","v2063192","3.6.1.1.1.1","6.7","","","","1"
"2020-09","Prince Edward Island","2016A000211","Unemployment rate","Both sexes","15 years and over","Estimate","Seasonally adjusted","Percentage","242","units","0","v2063193","3.7.1.1.1.1","10.2","","","","1"
"2020-10","Prince Edward Island","2016A000211","Unemployment rate","Both sexes","15 years and over","Estimate","Seasonally adjusted","Percentage","242","units","0","v2063193","3.7.1.1.1.1","10.5","","","","1"
"2020-11","Prince Edward Island","2016A000211","Unemployment rate","Both sexes","15 years and over","Estimate","Seasonally adjusted","Percentage","242","units","0","v2063193","3.7.1.1.1.1","10.2","","","","1"
"2020-12","Prince Edward Island","2016A000211","Unemployment rate","Both sexes","15 years and over","Estimate","Seasonally adjusted","Percentage","242","units","0","v2063193","3.7.1.1.1.1","9.9","","","","1"
"2021-01","Prince Edward Island","2016A000211","Unemployment rate","Both sexes","15 years and over","Estimate","Seasonally adjusted","Percentage","242","units","0","v2063193","3.7.1.1.1.1","7.9","","","","1"
"2020-09","Prince Edward Island","2016A000211","Participation rate","Both sexes","15 years and over","Estimate","Seasonally adjusted","Percentage","242","units","0","v2063194","3.8.1.1.1.1","63.8","","","","1"
"2020-10","Prince Edward Island","2016A000211","Participation rate","Both sexes","15 years and over","Estimate","Seasonally adjusted","Percentage","242","units","0","v2063194","3.8.1.1.1.1","64.8","","","","1"
"2020-11","Prince Edward Island","2016A000211","Participation rate","Both sexes","15 years and over","Estimate","Seasonally adjusted","Percentage","242","units","0","v2063194","3.8.1.1.1.1","65.5","","","","1"
"2020-12","Prince Edward Island","2016A000211","Participation rate","Both sexes","15 years and over","Estimate","Seasonally adjusted","Percentage","242","units","0","v2063194","3.8.1.1.1.1","64.6","","","","1"
"2021-01","Prince Edward Island","2016A000211","Participation rate","Both sexes","15 years and over","Estimate","Seasonally adjusted","Percentage","242","units","0","v2063194","3.8.1.1.1.1","63.9","","","","1"
"2020-09","Prince Edward Island","2016A000211","Employment rate","Both sexes","15 years and over","Estimate","Seasonally adjusted","Percentage","242","units","0","v2063195","3.9.1.1.1.1","57.3","","","","1"
"2020-10","Prince Edward Island","2016A000211","Employment rate","Both sexes","15 years and over","Estimate","Seasonally adjusted","Percentage","242","units","0","v2063195","3.9.1.1.1.1","58.0","","","","1"
"2020-11","Prince Edward Island","2016A000211","Employment rate","Both sexes","15 years and over","Estimate","Seasonally adjusted","Percentage","242","units","0","v2063195","3.9.1.1.1.1","58.8","","","","1"
"2020-12","Prince Edward Island","2016A000211","Employment rate","Both sexes","15 years and over","Estimate","Seasonally adjusted","Percentage","242","units","0","v2063195","3.9.1.1.1.1","58.2","","","","1"
"2021-01","Prince Edward Island","2016A000211","Employment rate","Both sexes","15 years and over","Estimate","Seasonally adjusted","Percentage","242","units","0","v2063195","3.9.1.1.1.1","58.9","","","","1"
"2020-09","Nova Scotia","2016A000212","Population","Both sexes","15 years and over","Estimate","Seasonally adjusted","Persons","249","thousands","3","v2063376","4.1.1.1.1.1","815.9","","","","1"
"2020-10","Nova Scotia","2016A000212","Population","Both sexes","15 years and over","Estimate","Seasonally adjusted","Persons","249","thousands","3","v2063376","4.1.1.1.1.1","816.5","","","","1"
"2020-11","Nova Scotia","2016A000212","Population","Both sexes","15 years and over","Estimate","Seasonally adjusted","Persons","249","thousands","3","v2063376","4.1.1.1.1.1","816.9","","","","1"
"2020-12","Nova Scotia","2016A000212","Population","Both sexes","15 years and over","Estimate","Seasonally adjusted","Persons","249","thousands","3","v2063376","4.1.1.1.1.1","817.0","","","","1"
"2021-01","Nova Scotia","2016A000212","Population","Both sexes","15 years and over","Estimate","Seasonally adjusted","Persons","249","thousands","3","v2063376","4.1.1.1.1.1","817.2","","","","1"
"2020-09","Nova Scotia","2016A000212","Labour force","Both sexes","15 years and over","Estimate","Seasonally adjusted","Persons","249","thousands","3","v2063377","4.2.1.1.1.1","487.5","","","","1"
"2020-10","Nova Scotia","2016A000212","Labour force","Both sexes","15 years and over","Estimate","Seasonally adjusted","Persons","249","thousands","3","v2063377","4.2.1.1.1.1","496.1","","","","1"
"2020-11","Nova Scotia","2016A000212","Labour force","Both sexes","15 years and over","Estimate","Seasonally adjusted","Persons","249","thousands","3","v2063377","4.2.1.1.1.1","495.7","","","","1"
"2020-12","Nova Scotia","2016A000212","Labour force","Both sexes","15 years and over","Estimate","Seasonally adjusted","Persons","249","thousands","3","v2063377","4.2.1.1.1.1","498.7","","","","1"
"2021-01","Nova Scotia","2016A000212","Labour force","Both sexes","15 years and over","Estimate","Seasonally adjusted","Persons","249","thousands","3","v2063377","4.2.1.1.1.1","504.8","","","","1"
"2020-09","Nova Scotia","2016A000212","Employment","Both sexes","15 years and over","Estimate","Seasonally adjusted","Persons","249","thousands","3","v2063378","4.3.1.1.1.1","448.0","","","","1"
"2020-10","Nova Scotia","2016A000212","Employment","Both sexes","15 years and over","Estimate","Seasonally adjusted","Persons","249","thousands","3","v2063378","4.3.1.1.1.1","451.5","","","","1"
"2020-11","Nova Scotia","2016A000212","Employment","Both sexes","15 years and over","Estimate","Seasonally adjusted","Persons","249","thousands","3","v2063378","4.3.1.1.1.1","462.7","","","","1"
"2020-12","Nova Scotia","2016A000212","Employment","Both sexes","15 years and over","Estimate","Seasonally adjusted","Persons","249","thousands","3","v2063378","4.3.1.1.1.1","454.9","","","","1"
"2021-01","Nova Scotia","2016A000212","Employment","Both sexes","15 years and over","Estimate","Seasonally adjusted","Persons","249","thousands","3","v2063378","4.3.1.1.1.1","462.7","","","","1"
"2020-09","Nova Scotia","2016A000212","Full-time employment","Both sexes","15 years and over","Estimate","Seasonally adjusted","Persons","249","thousands","3","v2063379","4.4.1.1.1.1","356.3","","","","1"
"2020-10","Nova Scotia","2016A000212","Full-time employment","Both sexes","15 years and over","Estimate","Seasonally adjusted","Persons","249","thousands","3","v2063379","4.4.1.1.1.1","367.5","","","","1"
"2020-11","Nova Scotia","2016A000212","Full-time employment","Both sexes","15 years and over","Estimate","Seasonally adjusted","Persons","249","thousands","3","v2063379","4.4.1.1.1.1","377.2","","","","1"
"2020-12","Nova Scotia","2016A000212","Full-time employment","Both sexes","15 years and over","Estimate","Seasonally adjusted","Persons","249","thousands","3","v2063379","4.4.1.1.1.1","377.4","","","","1"
"2021-01","Nova Scotia","2016A000212","Full-time employment","Both sexes","15 years and over","Estimate","Seasonally adjusted","Persons","249","thousands","3","v2063379","4.4.1.1.1.1","381.1","","","","1"
"2020-09","Nova Scotia","2016A000212","Part-time employment ","Both sexes","15 years and over","Estimate","Seasonally adjusted","Persons","249","thousands","3","v2063380","4.5.1.1.1.1","91.6","","","","1"
"2020-10","Nova Scotia","2016A000212","Part-time employment ","Both sexes","15 years and over","Estimate","Seasonally adjusted","Persons","249","thousands","3","v2063380","4.5.1.1.1.1","84.0","","","","1"
"2020-11","Nova Scotia","2016A000212","Part-time employment ","Both sexes","15 years and over","Estimate","Seasonally adjusted","Persons","249","thousands","3","v2063380","4.5.1.1.1.1","85.5","","","","1"
"2020-12","Nova Scotia","2016A000212","Part-time employment ","Both sexes","15 years and over","Estimate","Seasonally adjusted","Persons","249","thousands","3","v2063380","4.5.1.1.1.1","77.5","","","","1"
"2021-01","Nova Scotia","2016A000212","Part-time employment ","Both sexes","15 years and over","Estimate","Seasonally adjusted","Persons","249","thousands","3","v2063380","4.5.1.1.1.1","81.7","","","","1"
"2020-09","Nova Scotia","2016A000212","Unemployment","Both sexes","15 years and over","Estimate","Seasonally adjusted","Persons","249","thousands","3","v2063381","4.6.1.1.1.1","39.6","","","","1"
"2020-10","Nova Scotia","2016A000212","Unemployment","Both sexes","15 years and over","Estimate","Seasonally adjusted","Persons","249","thousands","3","v2063381","4.6.1.1.1.1","44.7","","","","1"
"2020-11","Nova Scotia","2016A000212","Unemployment","Both sexes","15 years and over","Estimate","Seasonally adjusted","Persons","249","thousands","3","v2063381","4.6.1.1.1.1","33.1","","","","1"
"2020-12","Nova Scotia","2016A000212","Unemployment","Both sexes","15 years and over","Estimate","Seasonally adjusted","Persons","249","thousands","3","v2063381","4.6.1.1.1.1","43.8","","","","1"
"2021-01","Nova Scotia","2016A000212","Unemployment","Both sexes","15 years and over","Estimate","Seasonally adjusted","Persons","249","thousands","3","v2063381","4.6.1.1.1.1","42.1","","","","1"
"2020-09","Nova Scotia","2016A000212","Unemployment rate","Both sexes","15 years and over","Estimate","Seasonally adjusted","Percentage","242","units","0","v2063382","4.7.1.1.1.1","8.1","","","","1"
"2020-10","Nova Scotia","2016A000212","Unemployment rate","Both sexes","15 years and over","Estimate","Seasonally adjusted","Percentage","242","units","0","v2063382","4.7.1.1.1.1","9.0","","","","1"
"2020-11","Nova Scotia","2016A000212","Unemployment rate","Both sexes","15 years and over","Estimate","Seasonally adjusted","Percentage","242","units","0","v2063382","4.7.1.1.1.1","6.7","","","","1"
"2020-12","Nova Scotia","2016A000212","Unemployment rate","Both sexes","15 years and over","Estimate","Seasonally adjusted","Percentage","242","units","0","v2063382","4.7.1.1.1.1","8.8","","","","1"
"2021-01","Nova Scotia","2016A000212","Unemployment rate","Both sexes","15 years and over","Estimate","Seasonally adjusted","Percentage","242","units","0","v2063382","4.7.1.1.1.1","8.3","","","","1"
"2020-09","Nova Scotia","2016A000212","Participation rate","Both sexes","15 years and over","Estimate","Seasonally adjusted","Percentage","242","units","0","v2063383","4.8.1.1.1.1","59.7","","","","1"
"2020-10","Nova Scotia","2016A000212","Participation rate","Both sexes","15 years and over","Estimate","Seasonally adjusted","Percentage","242","units","0","v2063383","4.8.1.1.1.1","60.8","","","","1"
"2020-11","Nova Scotia","2016A000212","Participation rate","Both sexes","15 years and over","Estimate","Seasonally adjusted","Percentage","242","units","0","v2063383","4.8.1.1.1.1","60.7","","","","1"
"2020-12","Nova Scotia","2016A000212","Participation rate","Both sexes","15 years and over","Estimate","Seasonally adjusted","Percentage","242","units","0","v2063383","4.8.1.1.1.1","61.0","","","","1"
"2021-01","Nova Scotia","2016A000212","Participation rate","Both sexes","15 years and over","Estimate","Seasonally adjusted","Percentage","242","units","0","v2063383","4.8.1.1.1.1","61.8","","","","1"
"2020-09","Nova Scotia","2016A000212","Employment rate","Both sexes","15 years and over","Estimate","Seasonally adjusted","Percentage","242","units","0","v2063384","4.9.1.1.1.1","54.9","","","","1"
"2020-10","Nova Scotia","2016A000212","Employment rate","Both sexes","15 years and over","Estimate","Seasonally adjusted","Percentage","242","units","0","v2063384","4.9.1.1.1.1","55.3","","","","1"
"2020-11","Nova Scotia","2016A000212","Employment rate","Both sexes","15 years and over","Estimate","Seasonally adjusted","Percentage","242","units","0","v2063384","4.9.1.1.1.1","56.6","","","","1"
"2020-12","Nova Scotia","2016A000212","Employment rate","Both sexes","15 years and over","Estimate","Seasonally adjusted","Percentage","242","units","0","v2063384","4.9.1.1.1.1","55.7","","","","1"
"2021-01","Nova Scotia","2016A000212","Employment rate","Both sexes","15 years and over","Estimate","Seasonally adjusted","Percentage","242","units","0","v2063384","4.9.1.1.1.1","56.6","","","","1"
"2020-09","New Brunswick","2016A000213","Population","Both sexes","15 years and over","Estimate","Seasonally adjusted","Persons","249","thousands","3","v2063565","5.1.1.1.1.1","647.6","","","","1"
"2020-10","New Brunswick","2016A000213","Population","Both sexes","15 years and over","Estimate","Seasonally adjusted","Persons","249","thousands","3","v2063565","5.1.1.1.1.1","647.8","","","","1"
"2020-11","New Brunswick","2016A000213","Population","Both sexes","15 years and over","Estimate","Seasonally adjusted","Persons","249","thousands","3","v2063565","5.1.1.1.1.1","648.0","","","","1"
"2020-12","New Brunswick","2016A000213","Population","Both sexes","15 years and over","Estimate","Seasonally adjusted","Persons","249","thousands","3","v2063565","5.1.1.1.1.1","648.2","","","","1"
"2021-01","New Brunswick","2016A000213","Population","Both sexes","15 years and over","Estimate","Seasonally adjusted","Persons","249","thousands","3","v2063565","5.1.1.1.1.1","648.4","","","","1"
"2020-09","New Brunswick","2016A000213","Labour force","Both sexes","15 years and over","Estimate","Seasonally adjusted","Persons","249","thousands","3","v2063566","5.2.1.1.1.1","397.9","","","","1"
"2020-10","New Brunswick","2016A000213","Labour force","Both sexes","15 years and over","Estimate","Seasonally adjusted","Persons","249","thousands","3","v2063566","5.2.1.1.1.1","399.1","","","","1"
"2020-11","New Brunswick","2016A000213","Labour force","Both sexes","15 years and over","Estimate","Seasonally adjusted","Persons","249","thousands","3","v2063566","5.2.1.1.1.1","401.1","","","","1"
"2020-12","New Brunswick","2016A000213","Labour force","Both sexes","15 years and over","Estimate","Seasonally adjusted","Persons","249","thousands","3","v2063566","5.2.1.1.1.1","398.9","","","","1"
"2021-01","New Brunswick","2016A000213","Labour force","Both sexes","15 years and over","Estimate","Seasonally adjusted","Persons","249","thousands","3","v2063566","5.2.1.1.1.1","396.5","","","","1"
"2020-09","New Brunswick","2016A000213","Employment","Both sexes","15 years and over","Estimate","Seasonally adjusted","Persons","249","thousands","3","v2063567","5.3.1.1.1.1","354.3","","","","1"
"2020-10","New Brunswick","2016A000213","Employment","Both sexes","15 years and over","Estimate","Seasonally adjusted","Persons","249","thousands","3","v2063567","5.3.1.1.1.1","357.5","","","","1"
"2020-11","New Brunswick","2016A000213","Employment","Both sexes","15 years and over","Estimate","Seasonally adjusted","Persons","249","thousands","3","v2063567","5.3.1.1.1.1","361.5","","","","1"
"2020-12","New Brunswick","2016A000213","Employment","Both sexes","15 years and over","Estimate","Seasonally adjusted","Persons","249","thousands","3","v2063567","5.3.1.1.1.1","360.7","","","","1"
"2021-01","New Brunswick","2016A000213","Employment","Both sexes","15 years and over","Estimate","Seasonally adjusted","Persons","249","thousands","3","v2063567","5.3.1.1.1.1","361.8","","","","1"
"2020-09","New Brunswick","2016A000213","Full-time employment","Both sexes","15 years and over","Estimate","Seasonally adjusted","Persons","249","thousands","3","v2063568","5.4.1.1.1.1","300.4","","","","1"
"2020-10","New Brunswick","2016A000213","Full-time employment","Both sexes","15 years and over","Estimate","Seasonally adjusted","Persons","249","thousands","3","v2063568","5.4.1.1.1.1","305.4","","","","1"
"2020-11","New Brunswick","2016A000213","Full-time employment","Both sexes","15 years and over","Estimate","Seasonally adjusted","Persons","249","thousands","3","v2063568","5.4.1.1.1.1","307.9","","","","1"
"2020-12","New Brunswick","2016A000213","Full-time employment","Both sexes","15 years and over","Estimate","Seasonally adjusted","Persons","249","thousands","3","v2063568","5.4.1.1.1.1","303.1","","","","1"
"2021-01","New Brunswick","2016A000213","Full-time employment","Both sexes","15 years and over","Estimate","Seasonally adjusted","Persons","249","thousands","3","v2063568","5.4.1.1.1.1","300.7","","","","1"
"2020-09","New Brunswick","2016A000213","Part-time employment ","Both sexes","15 years and over","Estimate","Seasonally adjusted","Persons","249","thousands","3","v2063569","5.5.1.1.1.1","53.8","","","","1"
"2020-10","New Brunswick","2016A000213","Part-time employment ","Both sexes","15 years and over","Estimate","Seasonally adjusted","Persons","249","thousands","3","v2063569","5.5.1.1.1.1","52.1","","","","1"
"2020-11","New Brunswick","2016A000213","Part-time employment ","Both sexes","15 years and over","Estimate","Seasonally adjusted","Persons","249","thousands","3","v2063569","5.5.1.1.1.1","53.6","","","","1"
"2020-12","New Brunswick","2016A000213","Part-time employment ","Both sexes","15 years and over","Estimate","Seasonally adjusted","Persons","249","thousands","3","v2063569","5.5.1.1.1.1","57.6","","","","1"
"2021-01","New Brunswick","2016A000213","Part-time employment ","Both sexes","15 years and over","Estimate","Seasonally adjusted","Persons","249","thousands","3","v2063569","5.5.1.1.1.1","61.1","","","","1"
"2020-09","New Brunswick","2016A000213","Unemployment","Both sexes","15 years and over","Estimate","Seasonally adjusted","Persons","249","thousands","3","v2063570","5.6.1.1.1.1","43.7","","","","1"
"2020-10","New Brunswick","2016A000213","Unemployment","Both sexes","15 years and over","Estimate","Seasonally adjusted","Persons","249","thousands","3","v2063570","5.6.1.1.1.1","41.6","","","","1"
"2020-11","New Brunswick","2016A000213","Unemployment","Both sexes","15 years and over","Estimate","Seasonally adjusted","Persons","249","thousands","3","v2063570","5.6.1.1.1.1","39.6","","","","1"
"2020-12","New Brunswick","2016A000213","Unemployment","Both sexes","15 years and over","Estimate","Seasonally adjusted","Persons","249","thousands","3","v2063570","5.6.1.1.1.1","38.2","","","","1"
"2021-01","New Brunswick","2016A000213","Unemployment","Both sexes","15 years and over","Estimate","Seasonally adjusted","Persons","249","thousands","3","v2063570","5.6.1.1.1.1","34.7","","","","1"
"2020-09","New Brunswick","2016A000213","Unemployment rate","Both sexes","15 years and over","Estimate","Seasonally adjusted","Percentage","242","units","0","v2063571","5.7.1.1.1.1","11.0","","","","1"
"2020-10","New Brunswick","2016A000213","Unemployment rate","Both sexes","15 years and over","Estimate","Seasonally adjusted","Percentage","242","units","0","v2063571","5.7.1.1.1.1","10.4","","","","1"
"2020-11","New Brunswick","2016A000213","Unemployment rate","Both sexes","15 years and over","Estimate","Seasonally adjusted","Percentage","242","units","0","v2063571","5.7.1.1.1.1","9.9","","","","1"
"2020-12","New Brunswick","2016A000213","Unemployment rate","Both sexes","15 years and over","Estimate","Seasonally adjusted","Percentage","242","units","0","v2063571","5.7.1.1.1.1","9.6","","","","1"
"2021-01","New Brunswick","2016A000213","Unemployment rate","Both sexes","15 years and over","Estimate","Seasonally adjusted","Percentage","242","units","0","v2063571","5.7.1.1.1.1","8.8","","","","1"
"2020-09","New Brunswick","2016A000213","Participation rate","Both sexes","15 years and over","Estimate","Seasonally adjusted","Percentage","242","units","0","v2063572","5.8.1.1.1.1","61.4","","","","1"
"2020-10","New Brunswick","2016A000213","Participation rate","Both sexes","15 years and over","Estimate","Seasonally adjusted","Percentage","242","units","0","v2063572","5.8.1.1.1.1","61.6","","","","1"
"2020-11","New Brunswick","2016A000213","Participation rate","Both sexes","15 years and over","Estimate","Seasonally adjusted","Percentage","242","units","0","v2063572","5.8.1.1.1.1","61.9","","","","1"
"2020-12","New Brunswick","2016A000213","Participation rate","Both sexes","15 years and over","Estimate","Seasonally adjusted","Percentage","242","units","0","v2063572","5.8.1.1.1.1","61.5","","","","1"
"2021-01","New Brunswick","2016A000213","Participation rate","Both sexes","15 years and over","Estimate","Seasonally adjusted","Percentage","242","units","0","v2063572","5.8.1.1.1.1","61.2","","","","1"
"2020-09","New Brunswick","2016A000213","Employment rate","Both sexes","15 years and over","Estimate","Seasonally adjusted","Percentage","242","units","0","v2063573","5.9.1.1.1.1","54.7","","","","1"
"2020-10","New Brunswick","2016A000213","Employment rate","Both sexes","15 years and over","Estimate","Seasonally adjusted","Percentage","242","units","0","v2063573","5.9.1.1.1.1","55.2","","","","1"
"2020-11","New Brunswick","2016A000213","Employment rate","Both sexes","15 years and over","Estimate","Seasonally adjusted","Percentage","242","units","0","v2063573","5.9.1.1.1.1","55.8","","","","1"
"2020-12","New Brunswick","2016A000213","Employment rate","Both sexes","15 years and over","Estimate","Seasonally adjusted","Percentage","242","units","0","v2063573","5.9.1.1.1.1","55.6","","","","1"
"2021-01","New Brunswick","2016A000213","Employment rate","Both sexes","15 years and over","Estimate","Seasonally adjusted","Percentage","242","units","0","v2063573","5.9.1.1.1.1","55.8","","","","1"
"2020-09","Quebec","2016A000224","Population","Both sexes","15 years and over","Estimate","Seasonally adjusted","Persons","249","thousands","3","v2063754","6.1.1.1.1.1","7064.0","","","","1"
"2020-10","Quebec","2016A000224","Population","Both sexes","15 years and over","Estimate","Seasonally adjusted","Persons","249","thousands","3","v2063754","6.1.1.1.1.1","7069.2","","","","1"
"2020-11","Quebec","2016A000224","Population","Both sexes","15 years and over","Estimate","Seasonally adjusted","Persons","249","thousands","3","v2063754","6.1.1.1.1.1","7074.0","","","","1"
"2020-12","Quebec","2016A000224","Population","Both sexes","15 years and over","Estimate","Seasonally adjusted","Persons","249","thousands","3","v2063754","6.1.1.1.1.1","7077.7","","","","1"
"2021-01","Quebec","2016A000224","Population","Both sexes","15 years and over","Estimate","Seasonally adjusted","Persons","249","thousands","3","v2063754","6.1.1.1.1.1","7081.0","","","","1"
"2020-09","Quebec","2016A000224","Labour force","Both sexes","15 years and over","Estimate","Seasonally adjusted","Persons","249","thousands","3","v2063755","6.2.1.1.1.1","4565.4","","","","1"
"2020-10","Quebec","2016A000224","Labour force","Both sexes","15 years and over","Estimate","Seasonally adjusted","Persons","249","thousands","3","v2063755","6.2.1.1.1.1","4563.0","","","","1"
"2020-11","Quebec","2016A000224","Labour force","Both sexes","15 years and over","Estimate","Seasonally adjusted","Persons","249","thousands","3","v2063755","6.2.1.1.1.1","4543.7","","","","1"
"2020-12","Quebec","2016A000224","Labour force","Both sexes","15 years and over","Estimate","Seasonally adjusted","Persons","249","thousands","3","v2063755","6.2.1.1.1.1","4504.3","","","","1"
"2021-01","Quebec","2016A000224","Labour force","Both sexes","15 years and over","Estimate","Seasonally adjusted","Persons","249","thousands","3","v2063755","6.2.1.1.1.1","4496.7","","","","1"
"2020-09","Quebec","2016A000224","Employment","Both sexes","15 years and over","Estimate","Seasonally adjusted","Persons","249","thousands","3","v2063756","6.3.1.1.1.1","4223.3","","","","1"
"2020-10","Quebec","2016A000224","Employment","Both sexes","15 years and over","Estimate","Seasonally adjusted","Persons","249","thousands","3","v2063756","6.3.1.1.1.1","4210.8","","","","1"
"2020-11","Quebec","2016A000224","Employment","Both sexes","15 years and over","Estimate","Seasonally adjusted","Persons","249","thousands","3","v2063756","6.3.1.1.1.1","4216.0","","","","1"
"2020-12","Quebec","2016A000224","Employment","Both sexes","15 years and over","Estimate","Seasonally adjusted","Persons","249","thousands","3","v2063756","6.3.1.1.1.1","4200.0","","","","1"
"2021-01","Quebec","2016A000224","Employment","Both sexes","15 years and over","Estimate","Seasonally adjusted","Persons","249","thousands","3","v2063756","6.3.1.1.1.1","4102.1","","","","1"
"2020-09","Quebec","2016A000224","Full-time employment","Both sexes","15 years and over","Estimate","Seasonally adjusted","Persons","249","thousands","3","v2063757","6.4.1.1.1.1","3433.6","","","","1"
"2020-10","Quebec","2016A000224","Full-time employment","Both sexes","15 years and over","Estimate","Seasonally adjusted","Persons","249","thousands","3","v2063757","6.4.1.1.1.1","3447.5","","","","1"
"2020-11","Quebec","2016A000224","Full-time employment","Both sexes","15 years and over","Estimate","Seasonally adjusted","Persons","249","thousands","3","v2063757","6.4.1.1.1.1","3456.8","","","","1"
"2020-12","Quebec","2016A000224","Full-time employment","Both sexes","15 years and over","Estimate","Seasonally adjusted","Persons","249","thousands","3","v2063757","6.4.1.1.1.1","3448.3","","","","1"
"2021-01","Quebec","2016A000224","Full-time employment","Both sexes","15 years and over","Estimate","Seasonally adjusted","Persons","249","thousands","3","v2063757","6.4.1.1.1.1","3442.8","","","","1"
"2020-09","Quebec","2016A000224","Part-time employment ","Both sexes","15 years and over","Estimate","Seasonally adjusted","Persons","249","thousands","3","v2063758","6.5.1.1.1.1","789.7","","","","1"
"2020-10","Quebec","2016A000224","Part-time employment ","Both sexes","15 years and over","Estimate","Seasonally adjusted","Persons","249","thousands","3","v2063758","6.5.1.1.1.1","763.3","","","","1"
"2020-11","Quebec","2016A000224","Part-time employment ","Both sexes","15 years and over","Estimate","Seasonally adjusted","Persons","249","thousands","3","v2063758","6.5.1.1.1.1","759.2","","","","1"
"2020-12","Quebec","2016A000224","Part-time employment ","Both sexes","15 years and over","Estimate","Seasonally adjusted","Persons","249","thousands","3","v2063758","6.5.1.1.1.1","751.7","","","","1"
"2021-01","Quebec","2016A000224","Part-time employment ","Both sexes","15 years and over","Estimate","Seasonally adjusted","Persons","249","thousands","3","v2063758","6.5.1.1.1.1","659.2","","","","1"
"2020-09","Quebec","2016A000224","Unemployment","Both sexes","15 years and over","Estimate","Seasonally adjusted","Persons","249","thousands","3","v2063759","6.6.1.1.1.1","342.1","","","","1"
"2020-10","Quebec","2016A000224","Unemployment","Both sexes","15 years and over","Estimate","Seasonally adjusted","Persons","249","thousands","3","v2063759","6.6.1.1.1.1","352.2","","","","1"
"2020-11","Quebec","2016A000224","Unemployment","Both sexes","15 years and over","Estimate","Seasonally adjusted","Persons","249","thousands","3","v2063759","6.6.1.1.1.1","327.7","","","","1"
"2020-12","Quebec","2016A000224","Unemployment","Both sexes","15 years and over","Estimate","Seasonally adjusted","Persons","249","thousands","3","v2063759","6.6.1.1.1.1","304.3","","","","1"
"2021-01","Quebec","2016A000224","Unemployment","Both sexes","15 years and over","Estimate","Seasonally adjusted","Persons","249","thousands","3","v2063759","6.6.1.1.1.1","394.6","","","","1"
"2020-09","Quebec","2016A000224","Unemployment rate","Both sexes","15 years and over","Estimate","Seasonally adjusted","Percentage","242","units","0","v2063760","6.7.1.1.1.1","7.5","","","","1"
"2020-10","Quebec","2016A000224","Unemployment rate","Both sexes","15 years and over","Estimate","Seasonally adjusted","Percentage","242","units","0","v2063760","6.7.1.1.1.1","7.7","","","","1"
"2020-11","Quebec","2016A000224","Unemployment rate","Both sexes","15 years and over","Estimate","Seasonally adjusted","Percentage","242","units","0","v2063760","6.7.1.1.1.1","7.2","","","","1"
"2020-12","Quebec","2016A000224","Unemployment rate","Both sexes","15 years and over","Estimate","Seasonally adjusted","Percentage","242","units","0","v2063760","6.7.1.1.1.1","6.8","","","","1"
"2021-01","Quebec","2016A000224","Unemployment rate","Both sexes","15 years and over","Estimate","Seasonally adjusted","Percentage","242","units","0","v2063760","6.7.1.1.1.1","8.8","","","","1"
"2020-09","Quebec","2016A000224","Participation rate","Both sexes","15 years and over","Estimate","Seasonally adjusted","Percentage","242","units","0","v2063761","6.8.1.1.1.1","64.6","","","","1"
"2020-10","Quebec","2016A000224","Participation rate","Both sexes","15 years and over","Estimate","Seasonally adjusted","Percentage","242","units","0","v2063761","6.8.1.1.1.1","64.5","","","","1"
"2020-11","Quebec","2016A000224","Participation rate","Both sexes","15 years and over","Estimate","Seasonally adjusted","Percentage","242","units","0","v2063761","6.8.1.1.1.1","64.2","","","","1"
"2020-12","Quebec","2016A000224","Participation rate","Both sexes","15 years and over","Estimate","Seasonally adjusted","Percentage","242","units","0","v2063761","6.8.1.1.1.1","63.6","","","","1"
"2021-01","Quebec","2016A000224","Participation rate","Both sexes","15 years and over","Estimate","Seasonally adjusted","Percentage","242","units","0","v2063761","6.8.1.1.1.1","63.5","","","","1"
"2020-09","Quebec","2016A000224","Employment rate","Both sexes","15 years and over","Estimate","Seasonally adjusted","Percentage","242","units","0","v2063762","6.9.1.1.1.1","59.8","","","","1"
"2020-10","Quebec","2016A000224","Employment rate","Both sexes","15 years and over","Estimate","Seasonally adjusted","Percentage","242","units","0","v2063762","6.9.1.1.1.1","59.6","","","","1"
"2020-11","Quebec","2016A000224","Employment rate","Both sexes","15 years and over","Estimate","Seasonally adjusted","Percentage","242","units","0","v2063762","6.9.1.1.1.1","59.6","","","","1"
"2020-12","Quebec","2016A000224","Employment rate","Both sexes","15 years and over","Estimate","Seasonally adjusted","Percentage","242","units","0","v2063762","6.9.1.1.1.1","59.3","","","","1"
"2021-01","Quebec","2016A000224","Employment rate","Both sexes","15 years and over","Estimate","Seasonally adjusted","Percentage","242","units","0","v2063762","6.9.1.1.1.1","57.9","","","","1"
"2020-09","Ontario","2016A000235","Population","Both sexes","15 years and over","Estimate","Seasonally adjusted","Persons","249","thousands","3","v2063943","7.1.1.1.1.1","12245.7","","","","1"
"2020-10","Ontario","2016A000235","Population","Both sexes","15 years and over","Estimate","Seasonally adjusted","Persons","249","thousands","3","v2063943","7.1.1.1.1.1","12256.7","","","","1"
"2020-11","Ontario","2016A000235","Population","Both sexes","15 years and over","Estimate","Seasonally adjusted","Persons","249","thousands","3","v2063943","7.1.1.1.1.1","12267.1","","","","1"
"2020-12","Ontario","2016A000235","Population","Both sexes","15 years and over","Estimate","Seasonally adjusted","Persons","249","thousands","3","v2063943","7.1.1.1.1.1","12274.5","","","","1"
"2021-01","Ontario","2016A000235","Population","Both sexes","15 years and over","Estimate","Seasonally adjusted","Persons","249","thousands","3","v2063943","7.1.1.1.1.1","12280.5","","","","1"
"2020-09","Ontario","2016A000235","Labour force","Both sexes","15 years and over","Estimate","Seasonally adjusted","Persons","249","thousands","3","v2063944","7.2.1.1.1.1","7927.8","","","","1"
"2020-10","Ontario","2016A000235","Labour force","Both sexes","15 years and over","Estimate","Seasonally adjusted","Persons","249","thousands","3","v2063944","7.2.1.1.1.1","7973.6","","","","1"
"2020-11","Ontario","2016A000235","Labour force","Both sexes","15 years and over","Estimate","Seasonally adjusted","Persons","249","thousands","3","v2063944","7.2.1.1.1.1","7970.0","","","","1"
"2020-12","Ontario","2016A000235","Labour force","Both sexes","15 years and over","Estimate","Seasonally adjusted","Persons","249","thousands","3","v2063944","7.2.1.1.1.1","8011.3","","","","1"
"2021-01","Ontario","2016A000235","Labour force","Both sexes","15 years and over","Estimate","Seasonally adjusted","Persons","249","thousands","3","v2063944","7.2.1.1.1.1","7887.9","","","","1"
"2020-09","Ontario","2016A000235","Employment","Both sexes","15 years and over","Estimate","Seasonally adjusted","Persons","249","thousands","3","v2063945","7.3.1.1.1.1","7168.9","","","","1"
"2020-10","Ontario","2016A000235","Employment","Both sexes","15 years and over","Estimate","Seasonally adjusted","Persons","249","thousands","3","v2063945","7.3.1.1.1.1","7200.6","","","","1"
"2020-11","Ontario","2016A000235","Employment","Both sexes","15 years and over","Estimate","Seasonally adjusted","Persons","249","thousands","3","v2063945","7.3.1.1.1.1","7238.3","","","","1"
"2020-12","Ontario","2016A000235","Employment","Both sexes","15 years and over","Estimate","Seasonally adjusted","Persons","249","thousands","3","v2063945","7.3.1.1.1.1","7239.0","","","","1"
"2021-01","Ontario","2016A000235","Employment","Both sexes","15 years and over","Estimate","Seasonally adjusted","Persons","249","thousands","3","v2063945","7.3.1.1.1.1","7085.5","","","","1"
"2020-09","Ontario","2016A000235","Full-time employment","Both sexes","15 years and over","Estimate","Seasonally adjusted","Persons","249","thousands","3","v2063946","7.4.1.1.1.1","5885.4","","","","1"
"2020-10","Ontario","2016A000235","Full-time employment","Both sexes","15 years and over","Estimate","Seasonally adjusted","Persons","249","thousands","3","v2063946","7.4.1.1.1.1","5891.9","","","","1"
"2020-11","Ontario","2016A000235","Full-time employment","Both sexes","15 years and over","Estimate","Seasonally adjusted","Persons","249","thousands","3","v2063946","7.4.1.1.1.1","5959.6","","","","1"
"2020-12","Ontario","2016A000235","Full-time employment","Both sexes","15 years and over","Estimate","Seasonally adjusted","Persons","249","thousands","3","v2063946","7.4.1.1.1.1","5966.8","","","","1"
"2021-01","Ontario","2016A000235","Full-time employment","Both sexes","15 years and over","Estimate","Seasonally adjusted","Persons","249","thousands","3","v2063946","7.4.1.1.1.1","5965.9","","","","1"
"2020-09","Ontario","2016A000235","Part-time employment ","Both sexes","15 years and over","Estimate","Seasonally adjusted","Persons","249","thousands","3","v2063947","7.5.1.1.1.1","1283.4","","","","1"
"2020-10","Ontario","2016A000235","Part-time employment ","Both sexes","15 years and over","Estimate","Seasonally adjusted","Persons","249","thousands","3","v2063947","7.5.1.1.1.1","1308.7","","","","1"
"2020-11","Ontario","2016A000235","Part-time employment ","Both sexes","15 years and over","Estimate","Seasonally adjusted","Persons","249","thousands","3","v2063947","7.5.1.1.1.1","1278.7","","","","1"
"2020-12","Ontario","2016A000235","Part-time employment ","Both sexes","15 years and over","Estimate","Seasonally adjusted","Persons","249","thousands","3","v2063947","7.5.1.1.1.1","1272.3","","","","1"
"2021-01","Ontario","2016A000235","Part-time employment ","Both sexes","15 years and over","Estimate","Seasonally adjusted","Persons","249","thousands","3","v2063947","7.5.1.1.1.1","1119.6","","","","1"
"2020-09","Ontario","2016A000235","Unemployment","Both sexes","15 years and over","Estimate","Seasonally adjusted","Persons","249","thousands","3","v2063948","7.6.1.1.1.1","758.9","","","","1"
"2020-10","Ontario","2016A000235","Unemployment","Both sexes","15 years and over","Estimate","Seasonally adjusted","Persons","249","thousands","3","v2063948","7.6.1.1.1.1","773.0","","","","1"
"2020-11","Ontario","2016A000235","Unemployment","Both sexes","15 years and over","Estimate","Seasonally adjusted","Persons","249","thousands","3","v2063948","7.6.1.1.1.1","731.7","","","","1"
"2020-12","Ontario","2016A000235","Unemployment","Both sexes","15 years and over","Estimate","Seasonally adjusted","Persons","249","thousands","3","v2063948","7.6.1.1.1.1","772.3","","","","1"
"2021-01","Ontario","2016A000235","Unemployment","Both sexes","15 years and over","Estimate","Seasonally adjusted","Persons","249","thousands","3","v2063948","7.6.1.1.1.1","802.4","","","","1"
"2020-09","Ontario","2016A000235","Unemployment rate","Both sexes","15 years and over","Estimate","Seasonally adjusted","Percentage","242","units","0","v2063949","7.7.1.1.1.1","9.6","","","","1"
"2020-10","Ontario","2016A000235","Unemployment rate","Both sexes","15 years and over","Estimate","Seasonally adjusted","Percentage","242","units","0","v2063949","7.7.1.1.1.1","9.7","","","","1"
"2020-11","Ontario","2016A000235","Unemployment rate","Both sexes","15 years and over","Estimate","Seasonally adjusted","Percentage","242","units","0","v2063949","7.7.1.1.1.1","9.2","","","","1"
"2020-12","Ontario","2016A000235","Unemployment rate","Both sexes","15 years and over","Estimate","Seasonally adjusted","Percentage","242","units","0","v2063949","7.7.1.1.1.1","9.6","","","","1"
"2021-01","Ontario","2016A000235","Unemployment rate","Both sexes","15 years and over","Estimate","Seasonally adjusted","Percentage","242","units","0","v2063949","7.7.1.1.1.1","10.2","","","","1"
"2020-09","Ontario","2016A000235","Participation rate","Both sexes","15 years and over","Estimate","Seasonally adjusted","Percentage","242","units","0","v2063950","7.8.1.1.1.1","64.7","","","","1"
"2020-10","Ontario","2016A000235","Participation rate","Both sexes","15 years and over","Estimate","Seasonally adjusted","Percentage","242","units","0","v2063950","7.8.1.1.1.1","65.1","","","","1"
"2020-11","Ontario","2016A000235","Participation rate","Both sexes","15 years and over","Estimate","Seasonally adjusted","Percentage","242","units","0","v2063950","7.8.1.1.1.1","65.0","","","","1"
"2020-12","Ontario","2016A000235","Participation rate","Both sexes","15 years and over","Estimate","Seasonally adjusted","Percentage","242","units","0","v2063950","7.8.1.1.1.1","65.3","","","","1"
"2021-01","Ontario","2016A000235","Participation rate","Both sexes","15 years and over","Estimate","Seasonally adjusted","Percentage","242","units","0","v2063950","7.8.1.1.1.1","64.2","","","","1"
"2020-09","Ontario","2016A000235","Employment rate","Both sexes","15 years and over","Estimate","Seasonally adjusted","Percentage","242","units","0","v2063951","7.9.1.1.1.1","58.5","","","","1"
"2020-10","Ontario","2016A000235","Employment rate","Both sexes","15 years and over","Estimate","Seasonally adjusted","Percentage","242","units","0","v2063951","7.9.1.1.1.1","58.7","","","","1"
"2020-11","Ontario","2016A000235","Employment rate","Both sexes","15 years and over","Estimate","Seasonally adjusted","Percentage","242","units","0","v2063951","7.9.1.1.1.1","59.0","","","","1"
"2020-12","Ontario","2016A000235","Employment rate","Both sexes","15 years and over","Estimate","Seasonally adjusted","Percentage","242","units","0","v2063951","7.9.1.1.1.1","59.0","","","","1"
"2021-01","Ontario","2016A000235","Employment rate","Both sexes","15 years and over","Estimate","Seasonally adjusted","Percentage","242","units","0","v2063951","7.9.1.1.1.1","57.7","","","","1"
"2020-09","Manitoba","2016A000246","Population","Both sexes","15 years and over","Estimate","Seasonally adjusted","Persons","249","thousands","3","v2064132","8.1.1.1.1.1","1048.4","","","","1"
"2020-10","Manitoba","2016A000246","Population","Both sexes","15 years and over","Estimate","Seasonally adjusted","Persons","249","thousands","3","v2064132","8.1.1.1.1.1","1049.1","","","","1"
"2020-11","Manitoba","2016A000246","Population","Both sexes","15 years and over","Estimate","Seasonally adjusted","Persons","249","thousands","3","v2064132","8.1.1.1.1.1","1049.3","","","","1"
"2020-12","Manitoba","2016A000246","Population","Both sexes","15 years and over","Estimate","Seasonally adjusted","Persons","249","thousands","3","v2064132","8.1.1.1.1.1","1049.4","","","","1"
"2021-01","Manitoba","2016A000246","Population","Both sexes","15 years and over","Estimate","Seasonally adjusted","Persons","249","thousands","3","v2064132","8.1.1.1.1.1","1049.4","","","","1"
"2020-09","Manitoba","2016A000246","Labour force","Both sexes","15 years and over","Estimate","Seasonally adjusted","Persons","249","thousands","3","v2064133","8.2.1.1.1.1","702.3","","","","1"
"2020-10","Manitoba","2016A000246","Labour force","Both sexes","15 years and over","Estimate","Seasonally adjusted","Persons","249","thousands","3","v2064133","8.2.1.1.1.1","701.3","","","","1"
"2020-11","Manitoba","2016A000246","Labour force","Both sexes","15 years and over","Estimate","Seasonally adjusted","Persons","249","thousands","3","v2064133","8.2.1.1.1.1","684.7","","","","1"
"2020-12","Manitoba","2016A000246","Labour force","Both sexes","15 years and over","Estimate","Seasonally adjusted","Persons","249","thousands","3","v2064133","8.2.1.1.1.1","681.8","","","","1"
"2021-01","Manitoba","2016A000246","Labour force","Both sexes","15 years and over","Estimate","Seasonally adjusted","Persons","249","thousands","3","v2064133","8.2.1.1.1.1","685.9","","","","1"
"2020-09","Manitoba","2016A000246","Employment","Both sexes","15 years and over","Estimate","Seasonally adjusted","Persons","249","thousands","3","v2064134","8.3.1.1.1.1","652.5","","","","1"
"2020-10","Manitoba","2016A000246","Employment","Both sexes","15 years and over","Estimate","Seasonally adjusted","Persons","249","thousands","3","v2064134","8.3.1.1.1.1","651.9","","","","1"
"2020-11","Manitoba","2016A000246","Employment","Both sexes","15 years and over","Estimate","Seasonally adjusted","Persons","249","thousands","3","v2064134","8.3.1.1.1.1","633.4","","","","1"
"2020-12","Manitoba","2016A000246","Employment","Both sexes","15 years and over","Estimate","Seasonally adjusted","Persons","249","thousands","3","v2064134","8.3.1.1.1.1","625.5","","","","1"
"2021-01","Manitoba","2016A000246","Employment","Both sexes","15 years and over","Estimate","Seasonally adjusted","Persons","249","thousands","3","v2064134","8.3.1.1.1.1","631.0","","","","1"
"2020-09","Manitoba","2016A000246","Full-time employment","Both sexes","15 years and over","Estimate","Seasonally adjusted","Persons","249","thousands","3","v2064135","8.4.1.1.1.1","519.1","","","","1"
"2020-10","Manitoba","2016A000246","Full-time employment","Both sexes","15 years and over","Estimate","Seasonally adjusted","Persons","249","thousands","3","v2064135","8.4.1.1.1.1","518.1","","","","1"
"2020-11","Manitoba","2016A000246","Full-time employment","Both sexes","15 years and over","Estimate","Seasonally adjusted","Persons","249","thousands","3","v2064135","8.4.1.1.1.1","514.3","","","","1"
"2020-12","Manitoba","2016A000246","Full-time employment","Both sexes","15 years and over","Estimate","Seasonally adjusted","Persons","249","thousands","3","v2064135","8.4.1.1.1.1","509.8","","","","1"
"2021-01","Manitoba","2016A000246","Full-time employment","Both sexes","15 years and over","Estimate","Seasonally adjusted","Persons","249","thousands","3","v2064135","8.4.1.1.1.1","525.8","","","","1"
"2020-09","Manitoba","2016A000246","Part-time employment ","Both sexes","15 years and over","Estimate","Seasonally adjusted","Persons","249","thousands","3","v2064136","8.5.1.1.1.1","133.4","","","","1"
"2020-10","Manitoba","2016A000246","Part-time employment ","Both sexes","15 years and over","Estimate","Seasonally adjusted","Persons","249","thousands","3","v2064136","8.5.1.1.1.1","133.8","","","","1"
"2020-11","Manitoba","2016A000246","Part-time employment ","Both sexes","15 years and over","Estimate","Seasonally adjusted","Persons","249","thousands","3","v2064136","8.5.1.1.1.1","119.1","","","","1"
"2020-12","Manitoba","2016A000246","Part-time employment ","Both sexes","15 years and over","Estimate","Seasonally adjusted","Persons","249","thousands","3","v2064136","8.5.1.1.1.1","115.7","","","","1"
"2021-01","Manitoba","2016A000246","Part-time employment ","Both sexes","15 years and over","Estimate","Seasonally adjusted","Persons","249","thousands","3","v2064136","8.5.1.1.1.1","105.3","","","","1"
"2020-09","Manitoba","2016A000246","Unemployment","Both sexes","15 years and over","Estimate","Seasonally adjusted","Persons","249","thousands","3","v2064137","8.6.1.1.1.1","49.8","","","","1"
"2020-10","Manitoba","2016A000246","Unemployment","Both sexes","15 years and over","Estimate","Seasonally adjusted","Persons","249","thousands","3","v2064137","8.6.1.1.1.1","49.4","","","","1"
"2020-11","Manitoba","2016A000246","Unemployment","Both sexes","15 years and over","Estimate","Seasonally adjusted","Persons","249","thousands","3","v2064137","8.6.1.1.1.1","51.3","","","","1"
"2020-12","Manitoba","2016A000246","Unemployment","Both sexes","15 years and over","Estimate","Seasonally adjusted","Persons","249","thousands","3","v2064137","8.6.1.1.1.1","56.3","","","","1"
"2021-01","Manitoba","2016A000246","Unemployment","Both sexes","15 years and over","Estimate","Seasonally adjusted","Persons","249","thousands","3","v2064137","8.6.1.1.1.1","54.8","","","","1"
"2020-09","Manitoba","2016A000246","Unemployment rate","Both sexes","15 years and over","Estimate","Seasonally adjusted","Percentage","242","units","0","v2064138","8.7.1.1.1.1","7.1","","","","1"
"2020-10","Manitoba","2016A000246","Unemployment rate","Both sexes","15 years and over","Estimate","Seasonally adjusted","Percentage","242","units","0","v2064138","8.7.1.1.1.1","7.0","","","","1"
"2020-11","Manitoba","2016A000246","Unemployment rate","Both sexes","15 years and over","Estimate","Seasonally adjusted","Percentage","242","units","0","v2064138","8.7.1.1.1.1","7.5","","","","1"
"2020-12","Manitoba","2016A000246","Unemployment rate","Both sexes","15 years and over","Estimate","Seasonally adjusted","Percentage","242","units","0","v2064138","8.7.1.1.1.1","8.3","","","","1"
"2021-01","Manitoba","2016A000246","Unemployment rate","Both sexes","15 years and over","Estimate","Seasonally adjusted","Percentage","242","units","0","v2064138","8.7.1.1.1.1","8.0","","","","1"
"2020-09","Manitoba","2016A000246","Participation rate","Both sexes","15 years and over","Estimate","Seasonally adjusted","Percentage","242","units","0","v2064139","8.8.1.1.1.1","67.0","","","","1"
"2020-10","Manitoba","2016A000246","Participation rate","Both sexes","15 years and over","Estimate","Seasonally adjusted","Percentage","242","units","0","v2064139","8.8.1.1.1.1","66.8","","","","1"
"2020-11","Manitoba","2016A000246","Participation rate","Both sexes","15 years and over","Estimate","Seasonally adjusted","Percentage","242","units","0","v2064139","8.8.1.1.1.1","65.3","","","","1"
"2020-12","Manitoba","2016A000246","Participation rate","Both sexes","15 years and over","Estimate","Seasonally adjusted","Percentage","242","units","0","v2064139","8.8.1.1.1.1","65.0","","","","1"
"2021-01","Manitoba","2016A000246","Participation rate","Both sexes","15 years and over","Estimate","Seasonally adjusted","Percentage","242","units","0","v2064139","8.8.1.1.1.1","65.4","","","","1"
"2020-09","Manitoba","2016A000246","Employment rate","Both sexes","15 years and over","Estimate","Seasonally adjusted","Percentage","242","units","0","v2064140","8.9.1.1.1.1","62.2","","","","1"
"2020-10","Manitoba","2016A000246","Employment rate","Both sexes","15 years and over","Estimate","Seasonally adjusted","Percentage","242","units","0","v2064140","8.9.1.1.1.1","62.1","","","","1"
"2020-11","Manitoba","2016A000246","Employment rate","Both sexes","15 years and over","Estimate","Seasonally adjusted","Percentage","242","units","0","v2064140","8.9.1.1.1.1","60.4","","","","1"
"2020-12","Manitoba","2016A000246","Employment rate","Both sexes","15 years and over","Estimate","Seasonally adjusted","Percentage","242","units","0","v2064140","8.9.1.1.1.1","59.6","","","","1"
"2021-01","Manitoba","2016A000246","Employment rate","Both sexes","15 years and over","Estimate","Seasonally adjusted","Percentage","242","units","0","v2064140","8.9.1.1.1.1","60.1","","","","1"
"2020-09","Saskatchewan","2016A000247","Population","Both sexes","15 years and over","Estimate","Seasonally adjusted","Persons","249","thousands","3","v2064321","9.1.1.1.1.1","888.0","","","","1"
"2020-10","Saskatchewan","2016A000247","Population","Both sexes","15 years and over","Estimate","Seasonally adjusted","Persons","249","thousands","3","v2064321","9.1.1.1.1.1","887.9","","","","1"
"2020-11","Saskatchewan","2016A000247","Population","Both sexes","15 years and over","Estimate","Seasonally adjusted","Persons","249","thousands","3","v2064321","9.1.1.1.1.1","888.0","","","","1"
"2020-12","Saskatchewan","2016A000247","Population","Both sexes","15 years and over","Estimate","Seasonally adjusted","Persons","249","thousands","3","v2064321","9.1.1.1.1.1","888.1","","","","1"
"2021-01","Saskatchewan","2016A000247","Population","Both sexes","15 years and over","Estimate","Seasonally adjusted","Persons","249","thousands","3","v2064321","9.1.1.1.1.1","888.2","","","","1"
"2020-09","Saskatchewan","2016A000247","Labour force","Both sexes","15 years and over","Estimate","Seasonally adjusted","Persons","249","thousands","3","v2064322","9.2.1.1.1.1","598.9","","","","1"
"2020-10","Saskatchewan","2016A000247","Labour force","Both sexes","15 years and over","Estimate","Seasonally adjusted","Persons","249","thousands","3","v2064322","9.2.1.1.1.1","595.6","","","","1"
"2020-11","Saskatchewan","2016A000247","Labour force","Both sexes","15 years and over","Estimate","Seasonally adjusted","Persons","249","thousands","3","v2064322","9.2.1.1.1.1","593.9","","","","1"
"2020-12","Saskatchewan","2016A000247","Labour force","Both sexes","15 years and over","Estimate","Seasonally adjusted","Persons","249","thousands","3","v2064322","9.2.1.1.1.1","592.3","","","","1"
"2021-01","Saskatchewan","2016A000247","Labour force","Both sexes","15 years and over","Estimate","Seasonally adjusted","Persons","249","thousands","3","v2064322","9.2.1.1.1.1","589.7","","","","1"
"2020-09","Saskatchewan","2016A000247","Employment","Both sexes","15 years and over","Estimate","Seasonally adjusted","Persons","249","thousands","3","v2064323","9.3.1.1.1.1","556.6","","","","1"
"2020-10","Saskatchewan","2016A000247","Employment","Both sexes","15 years and over","Estimate","Seasonally adjusted","Persons","249","thousands","3","v2064323","9.3.1.1.1.1","555.7","","","","1"
"2020-11","Saskatchewan","2016A000247","Employment","Both sexes","15 years and over","Estimate","Seasonally adjusted","Persons","249","thousands","3","v2064323","9.3.1.1.1.1","551.6","","","","1"
"2020-12","Saskatchewan","2016A000247","Employment","Both sexes","15 years and over","Estimate","Seasonally adjusted","Persons","249","thousands","3","v2064323","9.3.1.1.1.1","545.2","","","","1"
"2021-01","Saskatchewan","2016A000247","Employment","Both sexes","15 years and over","Estimate","Seasonally adjusted","Persons","249","thousands","3","v2064323","9.3.1.1.1.1","547.4","","","","1"
"2020-09","Saskatchewan","2016A000247","Full-time employment","Both sexes","15 years and over","Estimate","Seasonally adjusted","Persons","249","thousands","3","v2064324","9.4.1.1.1.1","455.7","","","","1"
"2020-10","Saskatchewan","2016A000247","Full-time employment","Both sexes","15 years and over","Estimate","Seasonally adjusted","Persons","249","thousands","3","v2064324","9.4.1.1.1.1","450.9","","","","1"
"2020-11","Saskatchewan","2016A000247","Full-time employment","Both sexes","15 years and over","Estimate","Seasonally adjusted","Persons","249","thousands","3","v2064324","9.4.1.1.1.1","451.9","","","","1"
"2020-12","Saskatchewan","2016A000247","Full-time employment","Both sexes","15 years and over","Estimate","Seasonally adjusted","Persons","249","thousands","3","v2064324","9.4.1.1.1.1","446.9","","","","1"
"2021-01","Saskatchewan","2016A000247","Full-time employment","Both sexes","15 years and over","Estimate","Seasonally adjusted","Persons","249","thousands","3","v2064324","9.4.1.1.1.1","446.9","","","","1"
"2020-09","Saskatchewan","2016A000247","Part-time employment ","Both sexes","15 years and over","Estimate","Seasonally adjusted","Persons","249","thousands","3","v2064325","9.5.1.1.1.1","100.9","","","","1"
"2020-10","Saskatchewan","2016A000247","Part-time employment ","Both sexes","15 years and over","Estimate","Seasonally adjusted","Persons","249","thousands","3","v2064325","9.5.1.1.1.1","104.8","","","","1"
"2020-11","Saskatchewan","2016A000247","Part-time employment ","Both sexes","15 years and over","Estimate","Seasonally adjusted","Persons","249","thousands","3","v2064325","9.5.1.1.1.1","99.7","","","","1"
"2020-12","Saskatchewan","2016A000247","Part-time employment ","Both sexes","15 years and over","Estimate","Seasonally adjusted","Persons","249","thousands","3","v2064325","9.5.1.1.1.1","98.3","","","","1"
"2021-01","Saskatchewan","2016A000247","Part-time employment ","Both sexes","15 years and over","Estimate","Seasonally adjusted","Persons","249","thousands","3","v2064325","9.5.1.1.1.1","100.5","","","","1"
"2020-09","Saskatchewan","2016A000247","Unemployment","Both sexes","15 years and over","Estimate","Seasonally adjusted","Persons","249","thousands","3","v2064326","9.6.1.1.1.1","42.3","","","","1"
"2020-10","Saskatchewan","2016A000247","Unemployment","Both sexes","15 years and over","Estimate","Seasonally adjusted","Persons","249","thousands","3","v2064326","9.6.1.1.1.1","39.9","","","","1"
"2020-11","Saskatchewan","2016A000247","Unemployment","Both sexes","15 years and over","Estimate","Seasonally adjusted","Persons","249","thousands","3","v2064326","9.6.1.1.1.1","42.2","","","","1"
"2020-12","Saskatchewan","2016A000247","Unemployment","Both sexes","15 years and over","Estimate","Seasonally adjusted","Persons","249","thousands","3","v2064326","9.6.1.1.1.1","47.1","","","","1"
"2021-01","Saskatchewan","2016A000247","Unemployment","Both sexes","15 years and over","Estimate","Seasonally adjusted","Persons","249","thousands","3","v2064326","9.6.1.1.1.1","42.3","","","","1"
"2020-09","Saskatchewan","2016A000247","Unemployment rate","Both sexes","15 years and over","Estimate","Seasonally adjusted","Percentage","242","units","0","v2064327","9.7.1.1.1.1","7.1","","","","1"
"2020-10","Saskatchewan","2016A000247","Unemployment rate","Both sexes","15 years and over","Estimate","Seasonally adjusted","Percentage","242","units","0","v2064327","9.7.1.1.1.1","6.7","","","","1"
"2020-11","Saskatchewan","2016A000247","Unemployment rate","Both sexes","15 years and over","Estimate","Seasonally adjusted","Percentage","242","units","0","v2064327","9.7.1.1.1.1","7.1","","","","1"
"2020-12","Saskatchewan","2016A000247","Unemployment rate","Both sexes","15 years and over","Estimate","Seasonally adjusted","Percentage","242","units","0","v2064327","9.7.1.1.1.1","8.0","","","","1"
"2021-01","Saskatchewan","2016A000247","Unemployment rate","Both sexes","15 years and over","Estimate","Seasonally adjusted","Percentage","242","units","0","v2064327","9.7.1.1.1.1","7.2","","","","1"
"2020-09","Saskatchewan","2016A000247","Participation rate","Both sexes","15 years and over","Estimate","Seasonally adjusted","Percentage","242","units","0","v2064328","9.8.1.1.1.1","67.4","","","","1"
"2020-10","Saskatchewan","2016A000247","Participation rate","Both sexes","15 years and over","Estimate","Seasonally adjusted","Percentage","242","units","0","v2064328","9.8.1.1.1.1","67.1","","","","1"
"2020-11","Saskatchewan","2016A000247","Participation rate","Both sexes","15 years and over","Estimate","Seasonally adjusted","Percentage","242","units","0","v2064328","9.8.1.1.1.1","66.9","","","","1"
"2020-12","Saskatchewan","2016A000247","Participation rate","Both sexes","15 years and over","Estimate","Seasonally adjusted","Percentage","242","units","0","v2064328","9.8.1.1.1.1","66.7","","","","1"
"2021-01","Saskatchewan","2016A000247","Participation rate","Both sexes","15 years and over","Estimate","Seasonally adjusted","Percentage","242","units","0","v2064328","9.8.1.1.1.1","66.4","","","","1"
"2020-09","Saskatchewan","2016A000247","Employment rate","Both sexes","15 years and over","Estimate","Seasonally adjusted","Percentage","242","units","0","v2064329","9.9.1.1.1.1","62.7","","","","1"
"2020-10","Saskatchewan","2016A000247","Employment rate","Both sexes","15 years and over","Estimate","Seasonally adjusted","Percentage","242","units","0","v2064329","9.9.1.1.1.1","62.6","","","","1"
"2020-11","Saskatchewan","2016A000247","Employment rate","Both sexes","15 years and over","Estimate","Seasonally adjusted","Percentage","242","units","0","v2064329","9.9.1.1.1.1","62.1","","","","1"
"2020-12","Saskatchewan","2016A000247","Employment rate","Both sexes","15 years and over","Estimate","Seasonally adjusted","Percentage","242","units","0","v2064329","9.9.1.1.1.1","61.4","","","","1"
"2021-01","Saskatchewan","2016A000247","Employment rate","Both sexes","15 years and over","Estimate","Seasonally adjusted","Percentage","242","units","0","v2064329","9.9.1.1.1.1","61.6","","","","1"
"2020-09","Alberta","2016A000248","Population","Both sexes","15 years and over","Estimate","Seasonally adjusted","Persons","249","thousands","3","v2064510","10.1.1.1.1.1","3515.4","","","","1"
"2020-10","Alberta","2016A000248","Population","Both sexes","15 years and over","Estimate","Seasonally adjusted","Persons","249","thousands","3","v2064510","10.1.1.1.1.1","3518.7","","","","1"
"2020-11","Alberta","2016A000248","Population","Both sexes","15 years and over","Estimate","Seasonally adjusted","Persons","249","thousands","3","v2064510","10.1.1.1.1.1","3522.0","","","","1"
"2020-12","Alberta","2016A000248","Population","Both sexes","15 years and over","Estimate","Seasonally adjusted","Persons","249","thousands","3","v2064510","10.1.1.1.1.1","3524.9","","","","1"
"2021-01","Alberta","2016A000248","Population","Both sexes","15 years and over","Estimate","Seasonally adjusted","Persons","249","thousands","3","v2064510","10.1.1.1.1.1","3527.7","","","","1"
"2020-09","Alberta","2016A000248","Labour force","Both sexes","15 years and over","Estimate","Seasonally adjusted","Persons","249","thousands","3","v2064511","10.2.1.1.1.1","2459.7","","","","1"
"2020-10","Alberta","2016A000248","Labour force","Both sexes","15 years and over","Estimate","Seasonally adjusted","Persons","249","thousands","3","v2064511","10.2.1.1.1.1","2453.1","","","","1"
"2020-11","Alberta","2016A000248","Labour force","Both sexes","15 years and over","Estimate","Seasonally adjusted","Persons","249","thousands","3","v2064511","10.2.1.1.1.1","2446.1","","","","1"
"2020-12","Alberta","2016A000248","Labour force","Both sexes","15 years and over","Estimate","Seasonally adjusted","Persons","249","thousands","3","v2064511","10.2.1.1.1.1","2430.1","","","","1"
"2021-01","Alberta","2016A000248","Labour force","Both sexes","15 years and over","Estimate","Seasonally adjusted","Persons","249","thousands","3","v2064511","10.2.1.1.1.1","2444.1","","","","1"
"2020-09","Alberta","2016A000248","Employment","Both sexes","15 years and over","Estimate","Seasonally adjusted","Persons","249","thousands","3","v2064512","10.3.1.1.1.1","2162.7","","","","1"
"2020-10","Alberta","2016A000248","Employment","Both sexes","15 years and over","Estimate","Seasonally adjusted","Persons","249","thousands","3","v2064512","10.3.1.1.1.1","2187.7","","","","1"
"2020-11","Alberta","2016A000248","Employment","Both sexes","15 years and over","Estimate","Seasonally adjusted","Persons","249","thousands","3","v2064512","10.3.1.1.1.1","2173.9","","","","1"
"2020-12","Alberta","2016A000248","Employment","Both sexes","15 years and over","Estimate","Seasonally adjusted","Persons","249","thousands","3","v2064512","10.3.1.1.1.1","2160.6","","","","1"
"2021-01","Alberta","2016A000248","Employment","Both sexes","15 years and over","Estimate","Seasonally adjusted","Persons","249","thousands","3","v2064512","10.3.1.1.1.1","2181.4","","","","1"
"2020-09","Alberta","2016A000248","Full-time employment","Both sexes","15 years and over","Estimate","Seasonally adjusted","Persons","249","thousands","3","v2064513","10.4.1.1.1.1","1751.1","","","","1"
"2020-10","Alberta","2016A000248","Full-time employment","Both sexes","15 years and over","Estimate","Seasonally adjusted","Persons","249","thousands","3","v2064513","10.4.1.1.1.1","1764.5","","","","1"
"2020-11","Alberta","2016A000248","Full-time employment","Both sexes","15 years and over","Estimate","Seasonally adjusted","Persons","249","thousands","3","v2064513","10.4.1.1.1.1","1730.8","","","","1"
"2020-12","Alberta","2016A000248","Full-time employment","Both sexes","15 years and over","Estimate","Seasonally adjusted","Persons","249","thousands","3","v2064513","10.4.1.1.1.1","1767.0","","","","1"
"2021-01","Alberta","2016A000248","Full-time employment","Both sexes","15 years and over","Estimate","Seasonally adjusted","Persons","249","thousands","3","v2064513","10.4.1.1.1.1","1766.7","","","","1"
"2020-09","Alberta","2016A000248","Part-time employment ","Both sexes","15 years and over","Estimate","Seasonally adjusted","Persons","249","thousands","3","v2064514","10.5.1.1.1.1","411.6","","","","1"
"2020-10","Alberta","2016A000248","Part-time employment ","Both sexes","15 years and over","Estimate","Seasonally adjusted","Persons","249","thousands","3","v2064514","10.5.1.1.1.1","423.2","","","","1"
"2020-11","Alberta","2016A000248","Part-time employment ","Both sexes","15 years and over","Estimate","Seasonally adjusted","Persons","249","thousands","3","v2064514","10.5.1.1.1.1","443.1","","","","1"
"2020-12","Alberta","2016A000248","Part-time employment ","Both sexes","15 years and over","Estimate","Seasonally adjusted","Persons","249","thousands","3","v2064514","10.5.1.1.1.1","393.6","","","","1"
"2021-01","Alberta","2016A000248","Part-time employment ","Both sexes","15 years and over","Estimate","Seasonally adjusted","Persons","249","thousands","3","v2064514","10.5.1.1.1.1","414.7","","","","1"
"2020-09","Alberta","2016A000248","Unemployment","Both sexes","15 years and over","Estimate","Seasonally adjusted","Persons","249","thousands","3","v2064515","10.6.1.1.1.1","297.0","","","","1"
"2020-10","Alberta","2016A000248","Unemployment","Both sexes","15 years and over","Estimate","Seasonally adjusted","Persons","249","thousands","3","v2064515","10.6.1.1.1.1","265.5","","","","1"
"2020-11","Alberta","2016A000248","Unemployment","Both sexes","15 years and over","Estimate","Seasonally adjusted","Persons","249","thousands","3","v2064515","10.6.1.1.1.1","272.3","","","","1"
"2020-12","Alberta","2016A000248","Unemployment","Both sexes","15 years and over","Estimate","Seasonally adjusted","Persons","249","thousands","3","v2064515","10.6.1.1.1.1","269.5","","","","1"
"2021-01","Alberta","2016A000248","Unemployment","Both sexes","15 years and over","Estimate","Seasonally adjusted","Persons","249","thousands","3","v2064515","10.6.1.1.1.1","262.7","","","","1"
"2020-09","Alberta","2016A000248","Unemployment rate","Both sexes","15 years and over","Estimate","Seasonally adjusted","Percentage","242","units","0","v2064516","10.7.1.1.1.1","12.1","","","","1"
"2020-10","Alberta","2016A000248","Unemployment rate","Both sexes","15 years and over","Estimate","Seasonally adjusted","Percentage","242","units","0","v2064516","10.7.1.1.1.1","10.8","","","","1"
"2020-11","Alberta","2016A000248","Unemployment rate","Both sexes","15 years and over","Estimate","Seasonally adjusted","Percentage","242","units","0","v2064516","10.7.1.1.1.1","11.1","","","","1"
"2020-12","Alberta","2016A000248","Unemployment rate","Both sexes","15 years and over","Estimate","Seasonally adjusted","Percentage","242","units","0","v2064516","10.7.1.1.1.1","11.1","","","","1"
"2021-01","Alberta","2016A000248","Unemployment rate","Both sexes","15 years and over","Estimate","Seasonally adjusted","Percentage","242","units","0","v2064516","10.7.1.1.1.1","10.7","","","","1"
"2020-09","Alberta","2016A000248","Participation rate","Both sexes","15 years and over","Estimate","Seasonally adjusted","Percentage","242","units","0","v2064517","10.8.1.1.1.1","70.0","","","","1"
"2020-10","Alberta","2016A000248","Participation rate","Both sexes","15 years and over","Estimate","Seasonally adjusted","Percentage","242","units","0","v2064517","10.8.1.1.1.1","69.7","","","","1"
"2020-11","Alberta","2016A000248","Participation rate","Both sexes","15 years and over","Estimate","Seasonally adjusted","Percentage","242","units","0","v2064517","10.8.1.1.1.1","69.5","","","","1"
"2020-12","Alberta","2016A000248","Participation rate","Both sexes","15 years and over","Estimate","Seasonally adjusted","Percentage","242","units","0","v2064517","10.8.1.1.1.1","68.9","","","","1"
"2021-01","Alberta","2016A000248","Participation rate","Both sexes","15 years and over","Estimate","Seasonally adjusted","Percentage","242","units","0","v2064517","10.8.1.1.1.1","69.3","","","","1"
"2020-09","Alberta","2016A000248","Employment rate","Both sexes","15 years and over","Estimate","Seasonally adjusted","Percentage","242","units","0","v2064518","10.9.1.1.1.1","61.5","","","","1"
"2020-10","Alberta","2016A000248","Employment rate","Both sexes","15 years and over","Estimate","Seasonally adjusted","Percentage","242","units","0","v2064518","10.9.1.1.1.1","62.2","","","","1"
"2020-11","Alberta","2016A000248","Employment rate","Both sexes","15 years and over","Estimate","Seasonally adjusted","Percentage","242","units","0","v2064518","10.9.1.1.1.1","61.7","","","","1"
"2020-12","Alberta","2016A000248","Employment rate","Both sexes","15 years and over","Estimate","Seasonally adjusted","Percentage","242","units","0","v2064518","10.9.1.1.1.1","61.3","","","","1"
"2021-01","Alberta","2016A000248","Employment rate","Both sexes","15 years and over","Estimate","Seasonally adjusted","Percentage","242","units","0","v2064518","10.9.1.1.1.1","61.8","","","","1"
"2020-09","British Columbia","2016A000259","Population","Both sexes","15 years and over","Estimate","Seasonally adjusted","Persons","249","thousands","3","v2064699","11.1.1.1.1.1","4311.3","","","","1"
"2020-10","British Columbia","2016A000259","Population","Both sexes","15 years and over","Estimate","Seasonally adjusted","Persons","249","thousands","3","v2064699","11.1.1.1.1.1","4314.6","","","","1"
"2020-11","British Columbia","2016A000259","Population","Both sexes","15 years and over","Estimate","Seasonally adjusted","Persons","249","thousands","3","v2064699","11.1.1.1.1.1","4317.5","","","","1"
"2020-12","British Columbia","2016A000259","Population","Both sexes","15 years and over","Estimate","Seasonally adjusted","Persons","249","thousands","3","v2064699","11.1.1.1.1.1","4319.2","","","","1"
"2021-01","British Columbia","2016A000259","Population","Both sexes","15 years and over","Estimate","Seasonally adjusted","Persons","249","thousands","3","v2064699","11.1.1.1.1.1","4320.6","","","","1"
"2020-09","British Columbia","2016A000259","Labour force","Both sexes","15 years and over","Estimate","Seasonally adjusted","Persons","249","thousands","3","v2064700","11.2.1.1.1.1","2766.0","","","","1"
"2020-10","British Columbia","2016A000259","Labour force","Both sexes","15 years and over","Estimate","Seasonally adjusted","Persons","249","thousands","3","v2064700","11.2.1.1.1.1","2791.3","","","","1"
"2020-11","British Columbia","2016A000259","Labour force","Both sexes","15 years and over","Estimate","Seasonally adjusted","Persons","249","thousands","3","v2064700","11.2.1.1.1.1","2798.9","","","","1"
"2020-12","British Columbia","2016A000259","Labour force","Both sexes","15 years and over","Estimate","Seasonally adjusted","Persons","249","thousands","3","v2064700","11.2.1.1.1.1","2798.2","","","","1"
"2021-01","British Columbia","2016A000259","Labour force","Both sexes","15 years and over","Estimate","Seasonally adjusted","Persons","249","thousands","3","v2064700","11.2.1.1.1.1","2825.8","","","","1"
"2020-09","British Columbia","2016A000259","Employment","Both sexes","15 years and over","Estimate","Seasonally adjusted","Persons","249","thousands","3","v2064701","11.3.1.1.1.1","2528.8","","","","1"
"2020-10","British Columbia","2016A000259","Employment","Both sexes","15 years and over","Estimate","Seasonally adjusted","Persons","249","thousands","3","v2064701","11.3.1.1.1.1","2566.8","","","","1"
"2020-11","British Columbia","2016A000259","Employment","Both sexes","15 years and over","Estimate","Seasonally adjusted","Persons","249","thousands","3","v2064701","11.3.1.1.1.1","2595.4","","","","1"
"2020-12","British Columbia","2016A000259","Employment","Both sexes","15 years and over","Estimate","Seasonally adjusted","Persons","249","thousands","3","v2064701","11.3.1.1.1.1","2596.8","","","","1"
"2021-01","British Columbia","2016A000259","Employment","Both sexes","15 years and over","Estimate","Seasonally adjusted","Persons","249","thousands","3","v2064701","11.3.1.1.1.1","2599.6","","","","1"
"2020-09","British Columbia","2016A000259","Full-time employment","Both sexes","15 years and over","Estimate","Seasonally adjusted","Persons","249","thousands","3","v2064702","11.4.1.1.1.1","1961.7","","","","1"
"2020-10","British Columbia","2016A000259","Full-time employment","Both sexes","15 years and over","Estimate","Seasonally adjusted","Persons","249","thousands","3","v2064702","11.4.1.1.1.1","1970.1","","","","1"
"2020-11","British Columbia","2016A000259","Full-time employment","Both sexes","15 years and over","Estimate","Seasonally adjusted","Persons","249","thousands","3","v2064702","11.4.1.1.1.1","2024.7","","","","1"
"2020-12","British Columbia","2016A000259","Full-time employment","Both sexes","15 years and over","Estimate","Seasonally adjusted","Persons","249","thousands","3","v2064702","11.4.1.1.1.1","2045.9","","","","1"
"2021-01","British Columbia","2016A000259","Full-time employment","Both sexes","15 years and over","Estimate","Seasonally adjusted","Persons","249","thousands","3","v2064702","11.4.1.1.1.1","2050.4","","","","1"
"2020-09","British Columbia","2016A000259","Part-time employment ","Both sexes","15 years and over","Estimate","Seasonally adjusted","Persons","249","thousands","3","v2064703","11.5.1.1.1.1","567.1","","","","1"
"2020-10","British Columbia","2016A000259","Part-time employment ","Both sexes","15 years and over","Estimate","Seasonally adjusted","Persons","249","thousands","3","v2064703","11.5.1.1.1.1","596.7","","","","1"
"2020-11","British Columbia","2016A000259","Part-time employment ","Both sexes","15 years and over","Estimate","Seasonally adjusted","Persons","249","thousands","3","v2064703","11.5.1.1.1.1","570.7","","","","1"
"2020-12","British Columbia","2016A000259","Part-time employment ","Both sexes","15 years and over","Estimate","Seasonally adjusted","Persons","249","thousands","3","v2064703","11.5.1.1.1.1","550.9","","","","1"
"2021-01","British Columbia","2016A000259","Part-time employment ","Both sexes","15 years and over","Estimate","Seasonally adjusted","Persons","249","thousands","3","v2064703","11.5.1.1.1.1","549.2","","","","1"
"2020-09","British Columbia","2016A000259","Unemployment","Both sexes","15 years and over","Estimate","Seasonally adjusted","Persons","249","thousands","3","v2064704","11.6.1.1.1.1","237.2","","","","1"
"2020-10","British Columbia","2016A000259","Unemployment","Both sexes","15 years and over","Estimate","Seasonally adjusted","Persons","249","thousands","3","v2064704","11.6.1.1.1.1","224.5","","","","1"
"2020-11","British Columbia","2016A000259","Unemployment","Both sexes","15 years and over","Estimate","Seasonally adjusted","Persons","249","thousands","3","v2064704","11.6.1.1.1.1","203.5","","","","1"
"2020-12","British Columbia","2016A000259","Unemployment","Both sexes","15 years and over","Estimate","Seasonally adjusted","Persons","249","thousands","3","v2064704","11.6.1.1.1.1","201.4","","","","1"
"2021-01","British Columbia","2016A000259","Unemployment","Both sexes","15 years and over","Estimate","Seasonally adjusted","Persons","249","thousands","3","v2064704","11.6.1.1.1.1","226.2","","","","1"
"2020-09","British Columbia","2016A000259","Unemployment rate","Both sexes","15 years and over","Estimate","Seasonally adjusted","Percentage","242","units","0","v2064705","11.7.1.1.1.1","8.6","","","","1"
"2020-10","British Columbia","2016A000259","Unemployment rate","Both sexes","15 years and over","Estimate","Seasonally adjusted","Percentage","242","units","0","v2064705","11.7.1.1.1.1","8.0","","","","1"
"2020-11","British Columbia","2016A000259","Unemployment rate","Both sexes","15 years and over","Estimate","Seasonally adjusted","Percentage","242","units","0","v2064705","11.7.1.1.1.1","7.3","","","","1"
"2020-12","British Columbia","2016A000259","Unemployment rate","Both sexes","15 years and over","Estimate","Seasonally adjusted","Percentage","242","units","0","v2064705","11.7.1.1.1.1","7.2","","","","1"
"2021-01","British Columbia","2016A000259","Unemployment rate","Both sexes","15 years and over","Estimate","Seasonally adjusted","Percentage","242","units","0","v2064705","11.7.1.1.1.1","8.0","","","","1"
"2020-09","British Columbia","2016A000259","Participation rate","Both sexes","15 years and over","Estimate","Seasonally adjusted","Percentage","242","units","0","v2064706","11.8.1.1.1.1","64.2","","","","1"
"2020-10","British Columbia","2016A000259","Participation rate","Both sexes","15 years and over","Estimate","Seasonally adjusted","Percentage","242","units","0","v2064706","11.8.1.1.1.1","64.7","","","","1"
"2020-11","British Columbia","2016A000259","Participation rate","Both sexes","15 years and over","Estimate","Seasonally adjusted","Percentage","242","units","0","v2064706","11.8.1.1.1.1","64.8","","","","1"
"2020-12","British Columbia","2016A000259","Participation rate","Both sexes","15 years and over","Estimate","Seasonally adjusted","Percentage","242","units","0","v2064706","11.8.1.1.1.1","64.8","","","","1"
"2021-01","British Columbia","2016A000259","Participation rate","Both sexes","15 years and over","Estimate","Seasonally adjusted","Percentage","242","units","0","v2064706","11.8.1.1.1.1","65.4","","","","1"
"2020-09","British Columbia","2016A000259","Employment rate","Both sexes","15 years and over","Estimate","Seasonally adjusted","Percentage","242","units","0","v2064707","11.9.1.1.1.1","58.7","","","","1"
"2020-10","British Columbia","2016A000259","Employment rate","Both sexes","15 years and over","Estimate","Seasonally adjusted","Percentage","242","units","0","v2064707","11.9.1.1.1.1","59.5","","","","1"
"2020-11","British Columbia","2016A000259","Employment rate","Both sexes","15 years and over","Estimate","Seasonally adjusted","Percentage","242","units","0","v2064707","11.9.1.1.1.1","60.1","","","","1"
"2020-12","British Columbia","2016A000259","Employment rate","Both sexes","15 years and over","Estimate","Seasonally adjusted","Percentage","242","units","0","v2064707","11.9.1.1.1.1","60.1","","","","1"
"2021-01","British Columbia","2016A000259","Employment rate","Both sexes","15 years and over","Estimate","Seasonally adjusted","Percentage","242","units","0","v2064707","11.9.1.1.1.1","60.2","","","","1"


